{"assets":{"DDA35CCDCA7D3E1F63E582FC136573C2":{"type":"texture","index":1,"assetRequest":{"type":"slide","state":"contents","slide":"none"},"url":{"native":"assets/A405E3AF-2A02-4AB9-B0E7-6DF417050A54.pdf"},"width":1024,"height":768},"AE2AF00503E9FDA49C29F3618BD9DBEB":{"type":"texture","index":0,"assetRequest":{"type":"slide","state":"contents","slide":"none"},"url":{"native":"assets/A405E3AF-2A02-4AB9-B0E7-6DF417050A54.pdf"},"width":1024,"height":768}},"events":[{"effects":[{"beginTime":0,"baseLayer":{"animations":[],"initialState":{"affineTransform":[1,0,0,1,0,0],"masksToBounds":false,"rotation":0,"scale":1,"position":{"pointX":512,"pointY":384},"width":1024,"sublayerTransform":[1,0,0,0,0,1,0,0,0,0,1,0,0,0,0,1],"contentsRect":{"y":0,"x":0,"width":1,"height":1},"opacity":1,"edgeAntialiasingMask":251658240,"height":768,"hidden":false,"anchorPoint":{"pointX":0.5,"pointY":0.5}},"objectID":"0","layers":[{"animations":[],"initialState":{"affineTransform":[1,0,0,1,0,0],"masksToBounds":false,"rotation":0,"scale":1,"position":{"pointX":512,"pointY":384},"width":1024,"sublayerTransform":[1,0,0,0,0,1,0,0,0,0,1,-0.0004922987690640373,0,0,0,1],"contentsRect":{"y":0,"x":0,"width":1,"height":1},"opacity":1,"edgeAntialiasingMask":251658240,"height":768,"hidden":false,"anchorPoint":{"pointX":0.5,"pointY":0.5}},"layers":[{"animations":[],"layers":[],"texturedRectangle":{"isBackgroundTexture":false,"singleTextureOpacity":1,"textureType":0,"textBaseline":0,"textXHeight":0,"isVerticalText":false},"initialState":{"affineTransform":[1,0,0,1,0,0],"masksToBounds":false,"rotation":0,"scale":1,"position":{"pointX":512,"pointY":384},"width":1024,"sublayerTransform":[1,0,0,0,0,1,0,0,0,0,1,0,0,0,0,1],"contentsRect":{"y":0,"x":0,"width":1,"height":1},"opacity":1,"edgeAntialiasingMask":0,"height":768,"hidden":false,"anchorPoint":{"pointX":0.5,"pointY":0.5}},"texture":"DDA35CCDCA7D3E1F63E582FC136573C2"},{"animations":[{"timeOffset":0,"from":{"scalar":false},"beginTime":0,"repeatCount":0,"fillMode":"both","property":"hidden","autoreverses":false,"duration":0.01,"to":{"scalar":true}}],"layers":[],"texturedRectangle":{"isBackgroundTexture":false,"singleTextureOpacity":1,"textureType":0,"textBaseline":0,"textXHeight":0,"isVerticalText":false},"initialState":{"affineTransform":[1,0,0,1,0,0],"masksToBounds":false,"rotation":0,"scale":1,"position":{"pointX":512,"pointY":384},"width":1024,"sublayerTransform":[1,0,0,0,0,1,0,0,0,0,1,0,0,0,0,1],"contentsRect":{"y":0,"x":0,"width":1,"height":1},"opacity":1,"edgeAntialiasingMask":0,"height":768,"hidden":false,"anchorPoint":{"pointX":0.5,"pointY":0.5}},"texture":"AE2AF00503E9FDA49C29F3618BD9DBEB"}]}]},"effects":[],"duration":0.01,"type":"transition","name":"none","objectID":"0"}],"automaticPlay":false,"hyperlinks":[],"accessibility":[{"text":"STP60790-e1415990300528.jpeg","targetRectangle":{"y":253,"x":343.1039733886719,"width":357.506103515625,"height":268.1295776367188}},{"text":"StepFertig-e1415991104263.jpeg","targetRectangle":{"y":535.2955322265625,"x":397.6587829589844,"width":248.396484375,"height":186.29736328125}},{"text":"￼","targetRectangle":{"y":732.5,"x":506.4959999024868,"width":10.00800000000004,"height":22}},{"text":"Pixy-Arduino-Robot.jpeg","targetRectangle":{"y":274.3333435058594,"x":718.6740112304688,"width":271.5331726074219,"height":203.6498718261719}},{"text":"Foto-1-1024x768.jpeg","targetRectangle":{"y":535.2955322265625,"x":725.1456909179688,"width":248.3965148925781,"height":186.29736328125}},{"text":"Arduino-Roboter-auf-Panzerketten-e1415990262665.jpeg","targetRectangle":{"y":270.9451293945312,"x":38,"width":280.5683288574219,"height":210.4262542724609}},{"text":"IMG_1239-e1416062460578.jpeg","targetRectangle":{"y":523.2310791015625,"x":37.79219436645508,"width":280.5683898925781,"height":210.4262542724609}},{"text":"AP2mitDeckel.jpeg","targetRectangle":{"y":42.78810501098633,"x":37.7922248840332,"width":280.5683288574219,"height":186.29736328125}},{"text":"Foto-21.04.14-12-36-24-e1416062727321.jpeg","targetRectangle":{"y":37,"x":725.3534545898438,"width":258.1742858886719,"height":193.6307067871094}},{"text":"AVR_ISP_MKII_Programmer_Reparieren_8.jpeg","targetRectangle":{"y":37.48867034912109,"x":393.4214172363281,"width":256.8711547851562,"height":192.6533660888672}}],"baseLayer":{"animations":[],"initialState":{"affineTransform":[1,0,0,1,0,0],"masksToBounds":false,"rotation":0,"scale":1,"position":{"pointX":512,"pointY":384},"width":1024,"sublayerTransform":[1,0,0,0,0,1,0,0,0,0,1,0,0,0,0,1],"contentsRect":{"y":0,"x":0,"width":1,"height":1},"opacity":1,"edgeAntialiasingMask":251658240,"height":768,"hidden":false,"anchorPoint":{"pointX":0.5,"pointY":0.5}},"objectID":"0","layers":[{"animations":[],"initialState":{"affineTransform":[1,0,0,1,0,0],"masksToBounds":false,"rotation":0,"scale":1,"position":{"pointX":512,"pointY":384},"width":1024,"sublayerTransform":[1,0,0,0,0,1,0,0,0,0,1,-0.0004922987690640373,0,0,0,1],"contentsRect":{"y":0,"x":0,"width":1,"height":1},"opacity":1,"edgeAntialiasingMask":251658240,"height":768,"hidden":false,"anchorPoint":{"pointX":0.5,"pointY":0.5}},"layers":[{"animations":[],"layers":[],"texturedRectangle":{"isBackgroundTexture":false,"singleTextureOpacity":1,"textureType":0,"textBaseline":0,"textXHeight":0,"isVerticalText":false},"initialState":{"affineTransform":[1,0,0,1,0,0],"masksToBounds":false,"rotation":0,"scale":1,"position":{"pointX":512,"pointY":384},"width":1024,"sublayerTransform":[1,0,0,0,0,1,0,0,0,0,1,0,0,0,0,1],"contentsRect":{"y":0,"x":0,"width":1,"height":1},"opacity":1,"edgeAntialiasingMask":0,"height":768,"hidden":false,"anchorPoint":{"pointX":0.5,"pointY":0.5}},"texture":"AE2AF00503E9FDA49C29F3618BD9DBEB"}]}]}}]}