{"assets":{"3A2F9579CDCFA1239006B2422EEDF297":{"type":"texture","index":7,"assetRequest":{"type":"slide","state":"contents","slide":"none"},"url":{"native":"assets/DC4F8B47-48FB-4856-963F-12355FE23B60.pdf"},"width":28,"height":30},"0EA8DED265053BDBB6E19E5504AB73B5":{"type":"texture","index":3,"assetRequest":{"type":"slide","state":"contents","slide":"none"},"url":{"native":"assets/DC4F8B47-48FB-4856-963F-12355FE23B60.pdf"},"width":407,"height":38},"4A575A456D1B1D322356F504779F3654":{"type":"texture","index":5,"assetRequest":{"type":"slide","state":"contents","slide":"none"},"url":{"native":"assets/DC4F8B47-48FB-4856-963F-12355FE23B60.pdf"},"width":60,"height":31},"A542CECA8307F75DB538D52B2A19A131":{"type":"texture","index":9,"assetRequest":{"type":"slide","state":"contents","slide":"none"},"url":{"native":"assets/DC4F8B47-48FB-4856-963F-12355FE23B60.pdf"},"width":859,"height":31},"498E23C82CA78A4BCD7BA88E5243B6FC":{"type":"texture","index":0,"assetRequest":{"type":"slide","state":"contents","slide":"none"},"url":{"native":"assets/DC4F8B47-48FB-4856-963F-12355FE23B60.pdf"},"width":1024,"height":768},"6904D7855F9E32AB2A73907CC3F7560B":{"type":"texture","index":11,"assetRequest":{"type":"slide","state":"contents","slide":"none"},"url":{"native":"assets/DC4F8B47-48FB-4856-963F-12355FE23B60.pdf"},"width":13,"height":17},"1FC697D0B78A08954F0479D252DA1578":{"type":"texture","index":8,"assetRequest":{"type":"slide","state":"contents","slide":"none"},"url":{"native":"assets/DC4F8B47-48FB-4856-963F-12355FE23B60.pdf"},"width":168,"height":38},"FEF605DCC27646DE2FBA5C8C09BBB92F":{"type":"texture","index":1,"assetRequest":{"type":"slide","state":"contents","slide":"none"},"url":{"native":"assets/DC4F8B47-48FB-4856-963F-12355FE23B60.pdf"},"width":202,"height":203},"CA07E5B0C8C7E16AF5215DAEC56ECEDB":{"type":"texture","index":6,"assetRequest":{"type":"slide","state":"contents","slide":"none"},"url":{"native":"assets/DC4F8B47-48FB-4856-963F-12355FE23B60.pdf"},"width":82,"height":31},"AAA633977551A0A2A5F53AD7F312F2E7":{"type":"texture","index":2,"assetRequest":{"type":"slide","state":"contents","slide":"none"},"url":{"native":"assets/DC4F8B47-48FB-4856-963F-12355FE23B60.pdf"},"width":303,"height":199},"AD81D5A3762E0A92FB97BD02DB617CF5":{"type":"texture","index":10,"assetRequest":{"type":"slide","state":"contents","slide":"none"},"url":{"native":"assets/DC4F8B47-48FB-4856-963F-12355FE23B60.pdf"},"width":614,"height":79},"1637A0C07374238DCFF54840F192DCB9":{"type":"texture","index":13,"assetRequest":{"type":"slide","state":"contents","slide":"none"},"url":{"native":"assets/DC4F8B47-48FB-4856-963F-12355FE23B60.pdf"},"width":1024,"height":768},"AD661EAE49D1959CD6F07008B1C58CFE":{"type":"texture","index":4,"assetRequest":{"type":"slide","state":"contents","slide":"none"},"url":{"native":"assets/DC4F8B47-48FB-4856-963F-12355FE23B60.pdf"},"width":412,"height":203},"AF299A60A36D1BA600B01721EE70532A":{"type":"texture","index":12,"assetRequest":{"type":"slide","state":"contents","slide":"none"},"url":{"native":"assets/DC4F8B47-48FB-4856-963F-12355FE23B60.pdf"},"width":1024,"height":768}},"events":[{"effects":[{"beginTime":0,"baseLayer":{"animations":[],"initialState":{"affineTransform":[1,0,0,1,0,0],"masksToBounds":false,"rotation":0,"scale":1,"position":{"pointX":512,"pointY":145.5},"width":415.8360004425049,"sublayerTransform":[1,0,0,0,0,1,0,0,0,0,1,0,0,0,0,1],"contentsRect":{"y":0,"x":0,"width":1,"height":1},"opacity":1,"edgeAntialiasingMask":251658240,"height":50.99999904632568,"hidden":false,"anchorPoint":{"pointX":0.5,"pointY":0.5}},"objectID":"345E0C84-BA93-4A52-88C8-C08A8B764675","layers":[{"animations":[],"initialState":{"affineTransform":[1,0,0,1,0,0],"masksToBounds":false,"rotation":0,"scale":1,"position":{"pointX":207.9180002212524,"pointY":263.9999995231628},"width":415.8360004425049,"sublayerTransform":[1,0,0,0,0,1,0,0,0,0,1,-0.0004922987690640373,0,0,0,1],"contentsRect":{"y":0,"x":0,"width":1,"height":1},"opacity":1,"edgeAntialiasingMask":251658240,"height":50.99999904632568,"hidden":false,"anchorPoint":{"pointX":0.5,"pointY":5.176470675682941}},"layers":[{"animations":[{"timeOffset":0,"from":{"scalar":true},"beginTime":1e-100,"repeatCount":0,"fillMode":"both","property":"hidden","autoreverses":false,"duration":0.01,"to":{"scalar":false}}],"layers":[],"texturedRectangle":{"singleTextureOpacity":1,"textXHeight":0.4964210526315789,"textBaseline":0.7294777443534449,"isBackgroundTexture":true,"isVerticalText":false,"textColor":[0,0,0,1],"textureType":6},"initialState":{"affineTransform":[1,0,0,1,0,0],"masksToBounds":false,"rotation":0,"scale":1,"position":{"pointX":209.4180002212524,"pointY":29.99999952316284},"width":407,"sublayerTransform":[1,0,0,0,0,1,0,0,0,0,1,0,0,0,0,1],"contentsRect":{"y":0,"x":0,"width":1,"height":1},"opacity":1,"edgeAntialiasingMask":0,"height":38,"hidden":true,"anchorPoint":{"pointX":0.5,"pointY":0.5}},"texture":"0EA8DED265053BDBB6E19E5504AB73B5"}]}]},"effects":[],"duration":0.01,"type":"buildIn","name":"apple:appear","objectID":"345E0C84-BA93-4A52-88C8-C08A8B764675"}],"automaticPlay":false,"hyperlinks":[{"url":"https://www.elektronik-kompendium.de/public/schaerer/ureg3pin.htm","targetRectangle":{"y":700.7692868709564,"x":191.2782263793945,"width":738.8880000000001,"height":29}}],"accessibility":[{"text":"Spannungsregler","targetRectangle":{"y":20,"x":203.76,"width":616.48,"height":96}},{"text":"GND","targetRectangle":{"y":645.8846440315247,"x":138.2977447509766,"width":79.99199999999999,"height":43}},{"text":"TO-220.jpg","targetRectangle":{"y":446.5482482910156,"x":704.36279296875,"width":199.5516662597656,"height":199.5516662597656}},{"text":"Out","targetRectangle":{"y":650.6090092658997,"x":774.6226196289062,"width":58.03200000000004,"height":43}},{"text":"LM 1117","targetRectangle":{"y":203.9999947547913,"x":735.1462919235229,"width":115.107421875,"height":43.20000171661377}},{"text":"1,8V, 2,5V, 2,85V 3,3V, 5V, ADJ","targetRectangle":{"y":247.199996471405,"x":584.0000028610229,"width":408.0599999999999,"height":43.20000171661377}},{"text":"TO-220 Gehäuse","targetRectangle":{"y":290.3999981880188,"x":584.0000028610229,"width":230.1300000000001,"height":43.20000171661377}},{"text":"Strom: 800mA","targetRectangle":{"y":333.5999999046326,"x":584.0000028610229,"width":189.51,"height":43.20000171661377}},{"text":"Min. Vin = Vout + 1,2V","targetRectangle":{"y":376.8000016212463,"x":584.0000028610229,"width":297.51,"height":43.20000171661377}},{"text":"Out","targetRectangle":{"y":432.6923222541809,"x":771.6306762695312,"width":58.03200000000004,"height":43}},{"text":"In","targetRectangle":{"y":587.5000004768372,"x":100.8249969482422,"width":30.024,"height":43}},{"text":"7805","targetRectangle":{"y":203.9999947547913,"x":199.4135284423828,"width":66.73828125,"height":43.20000171661377}},{"text":"{7805, 7806 .. 7812…}","targetRectangle":{"y":247.199996471405,"x":54,"width":300.1800000000001,"height":43.20000171661377}},{"text":"TO-220 Gehäuse","targetRectangle":{"y":290.3999981880188,"x":54,"width":230.1300000000001,"height":43.20000171661377}},{"text":"Strom: 1A","targetRectangle":{"y":333.5999999046326,"x":54,"width":131.16,"height":43.20000171661377}},{"text":"Min. Vin = Vout + 2V","targetRectangle":{"y":376.8000016212463,"x":54,"width":272.49,"height":43.20000171661377}},{"text":"Link Tipp:  https://www.elektronik-kompendium.de/public/schaerer/ureg3pin.htm","targetRectangle":{"y":700.7692868709564,"x":72.57422637939453,"width":857.5920000000001,"height":29}},{"text":"GND (Adj)","targetRectangle":{"y":619.5000004768372,"x":597.1799926757812,"width":167.976,"height":43}},{"text":"￼","targetRectangle":{"y":732.5,"x":506.4959999024868,"width":10.00800000000004,"height":22}},{"text":"Out","targetRectangle":{"y":587.5000004768372,"x":229.5631713867188,"width":58.03199999999998,"height":43}},{"text":"TO-220.jpg","targetRectangle":{"y":441.8239135742188,"x":79.01791381835938,"width":199.5516662597656,"height":199.5516662597656}},{"text":"In","targetRectangle":{"y":619.5000004768372,"x":868.8294067382812,"width":30.024,"height":43}},{"text":"GND","targetRectangle":{"y":427.967987537384,"x":135.3058166503906,"width":79.99199999999999,"height":43}}],"baseLayer":{"animations":[],"initialState":{"affineTransform":[1,0,0,1,0,0],"masksToBounds":false,"rotation":0,"scale":1,"position":{"pointX":512,"pointY":384},"width":1024,"sublayerTransform":[1,0,0,0,0,1,0,0,0,0,1,0,0,0,0,1],"contentsRect":{"y":0,"x":0,"width":1,"height":1},"opacity":1,"edgeAntialiasingMask":251658240,"height":768,"hidden":false,"anchorPoint":{"pointX":0.5,"pointY":0.5}},"layers":[{"animations":[],"initialState":{"affineTransform":[1,0,0,1,0,0],"masksToBounds":false,"rotation":0,"scale":1,"position":{"pointX":512,"pointY":384},"width":1024,"sublayerTransform":[1,0,0,0,0,1,0,0,0,0,1,0,0,0,0,1],"contentsRect":{"y":0,"x":0,"width":1,"height":1},"opacity":1,"edgeAntialiasingMask":251658240,"height":768,"hidden":false,"anchorPoint":{"pointX":0.5,"pointY":0.5}},"layers":[{"animations":[],"initialState":{"affineTransform":[1,0,0,1,0,0],"masksToBounds":false,"rotation":0,"scale":1,"position":{"pointX":512,"pointY":384},"width":1024,"sublayerTransform":[1,0,0,0,0,1,0,0,0,0,1,0,0,0,0,1],"contentsRect":{"y":0,"x":0,"width":1,"height":1},"opacity":1,"edgeAntialiasingMask":251658240,"height":768,"hidden":false,"anchorPoint":{"pointX":0.5,"pointY":0.5}},"layers":[{"animations":[],"layers":[],"texturedRectangle":{"isBackgroundTexture":true,"singleTextureOpacity":1,"textureType":1,"textBaseline":0,"textXHeight":0,"isVerticalText":false},"initialState":{"affineTransform":[1,0,0,1,0,0],"masksToBounds":false,"rotation":0,"scale":1,"position":{"pointX":512,"pointY":384},"width":1024,"sublayerTransform":[1,0,0,0,0,1,0,0,0,0,1,0,0,0,0,1],"contentsRect":{"y":0,"x":0,"width":1,"height":1},"opacity":1,"edgeAntialiasingMask":0,"height":768,"hidden":false,"anchorPoint":{"pointX":0.5,"pointY":0.5}},"texture":"498E23C82CA78A4BCD7BA88E5243B6FC"}]}]},{"animations":[],"initialState":{"affineTransform":[1,0,0,1,0,0],"masksToBounds":false,"rotation":0,"scale":1,"position":{"pointX":512,"pointY":384},"width":1024,"sublayerTransform":[1,0,0,0,0,1,0,0,0,0,1,0,0,0,0,1],"contentsRect":{"y":0,"x":0,"width":1,"height":1},"opacity":1,"edgeAntialiasingMask":251658240,"height":768,"hidden":false,"anchorPoint":{"pointX":0.5,"pointY":0.5}},"layers":[{"animations":[],"initialState":{"affineTransform":[1,0,0,1,0,0],"masksToBounds":false,"rotation":0,"scale":1,"position":{"pointX":804.1386260986328,"pointY":546.3240814208984},"width":199.5516662597656,"sublayerTransform":[1,0,0,0,0,1,0,0,0,0,1,0,0,0,0,1],"contentsRect":{"y":0,"x":0,"width":1,"height":1},"opacity":1,"edgeAntialiasingMask":251658240,"height":199.5516662597656,"hidden":false,"anchorPoint":{"pointX":0.5,"pointY":0.5}},"objectID":"F04F6D58-A8B1-4FBE-86DA-51B381C46BDA","layers":[{"animations":[],"layers":[],"texturedRectangle":{"isBackgroundTexture":true,"singleTextureOpacity":1,"textureType":5,"textBaseline":0,"textXHeight":0,"isVerticalText":false},"initialState":{"affineTransform":[1,0,0,1,0,0],"masksToBounds":false,"rotation":0,"scale":1,"position":{"pointX":99.63720703125,"pointY":99.95175170898438},"width":202,"sublayerTransform":[1,0,0,0,0,1,0,0,0,0,1,0,0,0,0,1],"contentsRect":{"y":0,"x":0,"width":1,"height":1},"opacity":1,"edgeAntialiasingMask":0,"height":203,"hidden":false,"anchorPoint":{"pointX":0.5,"pointY":0.5}},"texture":"FEF605DCC27646DE2FBA5C8C09BBB92F"}]}]},{"animations":[],"initialState":{"affineTransform":[1,0,0,1,0,0],"masksToBounds":false,"rotation":0,"scale":1,"position":{"pointX":512,"pointY":384},"width":1024,"sublayerTransform":[1,0,0,0,0,1,0,0,0,0,1,0,0,0,0,1],"contentsRect":{"y":0,"x":0,"width":1,"height":1},"opacity":1,"edgeAntialiasingMask":251658240,"height":768,"hidden":false,"anchorPoint":{"pointX":0.5,"pointY":0.5}},"layers":[{"animations":[],"initialState":{"affineTransform":[1,0,0,1,0,0],"masksToBounds":false,"rotation":0,"scale":1,"position":{"pointX":178.7937469482422,"pointY":541.5997467041016},"width":199.5516662597656,"sublayerTransform":[1,0,0,0,0,1,0,0,0,0,1,0,0,0,0,1],"contentsRect":{"y":0,"x":0,"width":1,"height":1},"opacity":1,"edgeAntialiasingMask":251658240,"height":199.5516662597656,"hidden":false,"anchorPoint":{"pointX":0.5,"pointY":0.5}},"objectID":"8F302144-D3F8-46AE-BA6D-58EAE4123FAF","layers":[{"animations":[],"layers":[],"texturedRectangle":{"isBackgroundTexture":true,"singleTextureOpacity":1,"textureType":5,"textBaseline":0,"textXHeight":0,"isVerticalText":false},"initialState":{"affineTransform":[1,0,0,1,0,0],"masksToBounds":false,"rotation":0,"scale":1,"position":{"pointX":99.98208618164062,"pointY":99.67608642578125},"width":202,"sublayerTransform":[1,0,0,0,0,1,0,0,0,0,1,0,0,0,0,1],"contentsRect":{"y":0,"x":0,"width":1,"height":1},"opacity":1,"edgeAntialiasingMask":0,"height":203,"hidden":false,"anchorPoint":{"pointX":0.5,"pointY":0.5}},"texture":"FEF605DCC27646DE2FBA5C8C09BBB92F"}]}]},{"animations":[],"initialState":{"affineTransform":[1,0,0,1,0,0],"masksToBounds":false,"rotation":0,"scale":1,"position":{"pointX":512,"pointY":384},"width":1024,"sublayerTransform":[1,0,0,0,0,1,0,0,0,0,1,0,0,0,0,1],"contentsRect":{"y":0,"x":0,"width":1,"height":1},"opacity":1,"edgeAntialiasingMask":251658240,"height":768,"hidden":false,"anchorPoint":{"pointX":0.5,"pointY":0.5}},"layers":[{"animations":[],"initialState":{"affineTransform":[1,0,0,1,0,0],"masksToBounds":false,"rotation":0,"scale":1,"position":{"pointX":232.7826738357544,"pointY":308.3999938964844},"width":365.5653476715088,"sublayerTransform":[1,0,0,0,0,1,0,0,0,0,1,0,0,0,0,1],"contentsRect":{"y":0,"x":0,"width":1,"height":1},"opacity":1,"edgeAntialiasingMask":251658240,"height":216.7999982833862,"hidden":false,"anchorPoint":{"pointX":0.5,"pointY":0.5}},"objectID":"81962A71-B0E8-4AE6-B09E-D3D00B412153","layers":[{"animations":[],"layers":[],"texturedRectangle":{"singleTextureOpacity":1,"textXHeight":0.08023516017587939,"textBaseline":0.9894478884174596,"isBackgroundTexture":true,"isVerticalText":false,"textColor":[0,0,0,1],"textureType":6},"initialState":{"affineTransform":[1,0,0,1,0,0],"masksToBounds":false,"rotation":0,"scale":1,"position":{"pointX":154.5,"pointY":108.5000052452087},"width":303,"sublayerTransform":[1,0,0,0,0,1,0,0,0,0,1,0,0,0,0,1],"contentsRect":{"y":0,"x":0,"width":1,"height":1},"opacity":1,"edgeAntialiasingMask":0,"height":199,"hidden":false,"anchorPoint":{"pointX":0.5,"pointY":0.5}},"texture":"AAA633977551A0A2A5F53AD7F312F2E7"}]}]},{"animations":[],"initialState":{"affineTransform":[1,0,0,1,0,0],"masksToBounds":false,"rotation":0,"scale":1,"position":{"pointX":512,"pointY":384},"width":1024,"sublayerTransform":[1,0,0,0,0,1,0,0,0,0,1,0,0,0,0,1],"contentsRect":{"y":0,"x":0,"width":1,"height":1},"opacity":1,"edgeAntialiasingMask":251658240,"height":768,"hidden":false,"anchorPoint":{"pointX":0.5,"pointY":0.5}},"layers":[{"animations":[],"initialState":{"affineTransform":[1,0,0,1,0,0],"masksToBounds":false,"rotation":0,"scale":1,"position":{"pointX":512,"pointY":145.5},"width":415.8360004425049,"sublayerTransform":[1,0,0,0,0,1,0,0,0,0,1,0,0,0,0,1],"contentsRect":{"y":0,"x":0,"width":1,"height":1},"opacity":1,"edgeAntialiasingMask":251658240,"height":50.99999904632568,"hidden":false,"anchorPoint":{"pointX":0.5,"pointY":0.5}},"objectID":"345E0C84-BA93-4A52-88C8-C08A8B764675","layers":[{"animations":[],"layers":[],"texturedRectangle":{"singleTextureOpacity":1,"textXHeight":0.4964210526315789,"textBaseline":0.7294777443534449,"isBackgroundTexture":true,"isVerticalText":false,"textColor":[0,0,0,1],"textureType":6},"initialState":{"affineTransform":[1,0,0,1,0,0],"masksToBounds":false,"rotation":0,"scale":1,"position":{"pointX":209.4180002212524,"pointY":29.99999952316284},"width":407,"sublayerTransform":[1,0,0,0,0,1,0,0,0,0,1,0,0,0,0,1],"contentsRect":{"y":0,"x":0,"width":1,"height":1},"opacity":1,"edgeAntialiasingMask":0,"height":38,"hidden":true,"anchorPoint":{"pointX":0.5,"pointY":0.5}},"texture":"0EA8DED265053BDBB6E19E5504AB73B5"}]}]},{"animations":[],"initialState":{"affineTransform":[1,0,0,1,0,0],"masksToBounds":false,"rotation":0,"scale":1,"position":{"pointX":512,"pointY":384},"width":1024,"sublayerTransform":[1,0,0,0,0,1,0,0,0,0,1,0,0,0,0,1],"contentsRect":{"y":0,"x":0,"width":1,"height":1},"opacity":1,"edgeAntialiasingMask":251658240,"height":768,"hidden":false,"anchorPoint":{"pointX":0.5,"pointY":0.5}},"layers":[{"animations":[],"initialState":{"affineTransform":[1,0,0,1,0,0],"masksToBounds":false,"rotation":0,"scale":1,"position":{"pointX":792.7000122070312,"pointY":308.3999938964844},"width":425.4000186920166,"sublayerTransform":[1,0,0,0,0,1,0,0,0,0,1,0,0,0,0,1],"contentsRect":{"y":0,"x":0,"width":1,"height":1},"opacity":1,"edgeAntialiasingMask":251658240,"height":216.7999982833862,"hidden":false,"anchorPoint":{"pointX":0.5,"pointY":0.5}},"objectID":"948257CA-B962-4540-92A8-75C0C0927612","layers":[{"animations":[],"layers":[],"texturedRectangle":{"singleTextureOpacity":1,"textXHeight":0.07865417179802955,"textBaseline":0.9699513783008594,"isBackgroundTexture":true,"isVerticalText":false,"textColor":[0,0,0,1],"textureType":6},"initialState":{"affineTransform":[1,0,0,1,0,0],"masksToBounds":false,"rotation":0,"scale":1,"position":{"pointX":208.9999971389771,"pointY":110.5000052452087},"width":412,"sublayerTransform":[1,0,0,0,0,1,0,0,0,0,1,0,0,0,0,1],"contentsRect":{"y":0,"x":0,"width":1,"height":1},"opacity":1,"edgeAntialiasingMask":0,"height":203,"hidden":false,"anchorPoint":{"pointX":0.5,"pointY":0.5}},"texture":"AD661EAE49D1959CD6F07008B1C58CFE"}]}]},{"animations":[],"initialState":{"affineTransform":[1,0,0,1,0,0],"masksToBounds":false,"rotation":0,"scale":1,"position":{"pointX":512,"pointY":384},"width":1024,"sublayerTransform":[1,0,0,0,0,1,0,0,0,0,1,0,0,0,0,1],"contentsRect":{"y":0,"x":0,"width":1,"height":1},"opacity":1,"edgeAntialiasingMask":251658240,"height":768,"hidden":false,"anchorPoint":{"pointX":0.5,"pointY":0.5}},"layers":[{"animations":[],"initialState":{"affineTransform":[1,0,0,1,0,0],"masksToBounds":false,"rotation":0,"scale":1,"position":{"pointX":259.0791701078415,"pointY":609},"width":67.03199744224548,"sublayerTransform":[1,0,0,0,0,1,0,0,0,0,1,0,0,0,0,1],"contentsRect":{"y":0,"x":0,"width":1,"height":1},"opacity":1,"edgeAntialiasingMask":251658240,"height":50.99999904632568,"hidden":false,"anchorPoint":{"pointX":0.5,"pointY":0.5}},"objectID":"EEBC8E71-6C45-434C-BE50-DE18468EF887","layers":[{"animations":[],"layers":[],"texturedRectangle":{"singleTextureOpacity":1,"textXHeight":0.6085161290322579,"textBaseline":0.9103275575945454,"isBackgroundTexture":true,"isVerticalText":false,"textColor":[0,0,0,1],"textureType":6},"initialState":{"affineTransform":[1,0,0,1,0,0],"masksToBounds":false,"rotation":0,"scale":1,"position":{"pointX":33.43682861328125,"pointY":25.99999952316284},"width":60,"sublayerTransform":[1,0,0,0,0,1,0,0,0,0,1,0,0,0,0,1],"contentsRect":{"y":0,"x":0,"width":1,"height":1},"opacity":1,"edgeAntialiasingMask":0,"height":31,"hidden":false,"anchorPoint":{"pointX":0.5,"pointY":0.5}},"texture":"4A575A456D1B1D322356F504779F3654"}]}]},{"animations":[],"initialState":{"affineTransform":[1,0,0,1,0,0],"masksToBounds":false,"rotation":0,"scale":1,"position":{"pointX":512,"pointY":384},"width":1024,"sublayerTransform":[1,0,0,0,0,1,0,0,0,0,1,0,0,0,0,1],"contentsRect":{"y":0,"x":0,"width":1,"height":1},"opacity":1,"edgeAntialiasingMask":251658240,"height":768,"hidden":false,"anchorPoint":{"pointX":0.5,"pointY":0.5}},"layers":[{"animations":[],"initialState":{"affineTransform":[1,0,0,1,0,0],"masksToBounds":false,"rotation":0,"scale":1,"position":{"pointX":178.7937445640564,"pointY":667.3846435546875},"width":88.99199962615967,"sublayerTransform":[1,0,0,0,0,1,0,0,0,0,1,0,0,0,0,1],"contentsRect":{"y":0,"x":0,"width":1,"height":1},"opacity":1,"edgeAntialiasingMask":251658240,"height":50.99999904632568,"hidden":false,"anchorPoint":{"pointX":0.5,"pointY":0.5}},"objectID":"00121BD8-DCC7-4D3B-BF18-F68C3930799F","layers":[{"animations":[],"layers":[],"texturedRectangle":{"singleTextureOpacity":1,"textXHeight":0.6085161290322579,"textBaseline":0.922735414197368,"isBackgroundTexture":true,"isVerticalText":false,"textColor":[0,0,0,1],"textureType":6},"initialState":{"affineTransform":[1,0,0,1,0,0],"masksToBounds":false,"rotation":0,"scale":1,"position":{"pointX":44.70225524902344,"pointY":25.61535596847534},"width":82,"sublayerTransform":[1,0,0,0,0,1,0,0,0,0,1,0,0,0,0,1],"contentsRect":{"y":0,"x":0,"width":1,"height":1},"opacity":1,"edgeAntialiasingMask":0,"height":31,"hidden":false,"anchorPoint":{"pointX":0.5,"pointY":0.5}},"texture":"CA07E5B0C8C7E16AF5215DAEC56ECEDB"}]}]},{"animations":[],"initialState":{"affineTransform":[1,0,0,1,0,0],"masksToBounds":false,"rotation":0,"scale":1,"position":{"pointX":512,"pointY":384},"width":1024,"sublayerTransform":[1,0,0,0,0,1,0,0,0,0,1,0,0,0,0,1],"contentsRect":{"y":0,"x":0,"width":1,"height":1},"opacity":1,"edgeAntialiasingMask":251658240,"height":768,"hidden":false,"anchorPoint":{"pointX":0.5,"pointY":0.5}},"layers":[{"animations":[],"initialState":{"affineTransform":[1,0,0,1,0,0],"masksToBounds":false,"rotation":0,"scale":1,"position":{"pointX":116.336997628212,"pointY":609},"width":39.02400135993958,"sublayerTransform":[1,0,0,0,0,1,0,0,0,0,1,0,0,0,0,1],"contentsRect":{"y":0,"x":0,"width":1,"height":1},"opacity":1,"edgeAntialiasingMask":251658240,"height":50.99999904632568,"hidden":false,"anchorPoint":{"pointX":0.5,"pointY":0.5}},"objectID":"216B04AD-8F66-4BE7-89D3-5E85E2C74DF9","layers":[{"animations":[],"layers":[],"texturedRectangle":{"singleTextureOpacity":1,"textXHeight":0.6287999999999999,"textBaseline":0.9406718095143636,"isBackgroundTexture":true,"isVerticalText":false,"textColor":[0,0,0,1],"textureType":6},"initialState":{"affineTransform":[1,0,0,1,0,0],"masksToBounds":false,"rotation":0,"scale":1,"position":{"pointX":19.17500305175781,"pointY":25.49999952316284},"width":28,"sublayerTransform":[1,0,0,0,0,1,0,0,0,0,1,0,0,0,0,1],"contentsRect":{"y":0,"x":0,"width":1,"height":1},"opacity":1,"edgeAntialiasingMask":0,"height":30,"hidden":false,"anchorPoint":{"pointX":0.5,"pointY":0.5}},"texture":"3A2F9579CDCFA1239006B2422EEDF297"}]}]},{"animations":[],"initialState":{"affineTransform":[1,0,0,1,0,0],"masksToBounds":false,"rotation":0,"scale":1,"position":{"pointX":512,"pointY":384},"width":1024,"sublayerTransform":[1,0,0,0,0,1,0,0,0,0,1,0,0,0,0,1],"contentsRect":{"y":0,"x":0,"width":1,"height":1},"opacity":1,"edgeAntialiasingMask":251658240,"height":768,"hidden":false,"anchorPoint":{"pointX":0.5,"pointY":0.5}},"layers":[{"animations":[],"initialState":{"affineTransform":[1,0,0,1,0,0],"masksToBounds":false,"rotation":0,"scale":1,"position":{"pointX":884.341407418251,"pointY":641},"width":39.02400135993958,"sublayerTransform":[1,0,0,0,0,1,0,0,0,0,1,0,0,0,0,1],"contentsRect":{"y":0,"x":0,"width":1,"height":1},"opacity":1,"edgeAntialiasingMask":251658240,"height":50.99999904632568,"hidden":false,"anchorPoint":{"pointX":0.5,"pointY":0.5}},"objectID":"8C450829-D6F6-4979-91DD-BDF019C61D3E","layers":[{"animations":[],"layers":[],"texturedRectangle":{"singleTextureOpacity":1,"textXHeight":0.6287999999999999,"textBaseline":0.9406718095143636,"isBackgroundTexture":true,"isVerticalText":false,"textColor":[0,0,0,1],"textureType":6},"initialState":{"affineTransform":[1,0,0,1,0,0],"masksToBounds":false,"rotation":0,"scale":1,"position":{"pointX":19.17059326171875,"pointY":25.49999952316284},"width":28,"sublayerTransform":[1,0,0,0,0,1,0,0,0,0,1,0,0,0,0,1],"contentsRect":{"y":0,"x":0,"width":1,"height":1},"opacity":1,"edgeAntialiasingMask":0,"height":30,"hidden":false,"anchorPoint":{"pointX":0.5,"pointY":0.5}},"texture":"3A2F9579CDCFA1239006B2422EEDF297"}]}]},{"animations":[],"initialState":{"affineTransform":[1,0,0,1,0,0],"masksToBounds":false,"rotation":0,"scale":1,"position":{"pointX":512,"pointY":384},"width":1024,"sublayerTransform":[1,0,0,0,0,1,0,0,0,0,1,0,0,0,0,1],"contentsRect":{"y":0,"x":0,"width":1,"height":1},"opacity":1,"edgeAntialiasingMask":251658240,"height":768,"hidden":false,"anchorPoint":{"pointX":0.5,"pointY":0.5}},"layers":[{"animations":[],"initialState":{"affineTransform":[1,0,0,1,0,0],"masksToBounds":false,"rotation":0,"scale":1,"position":{"pointX":804.138618350029,"pointY":672.1090087890625},"width":67.03199744224548,"sublayerTransform":[1,0,0,0,0,1,0,0,0,0,1,0,0,0,0,1],"contentsRect":{"y":0,"x":0,"width":1,"height":1},"opacity":1,"edgeAntialiasingMask":251658240,"height":50.99999904632568,"hidden":false,"anchorPoint":{"pointX":0.5,"pointY":0.5}},"objectID":"9E687236-95DF-43B2-ABBF-689624DACBDA","layers":[{"animations":[],"layers":[],"texturedRectangle":{"singleTextureOpacity":1,"textXHeight":0.6085161290322579,"textBaseline":0.9138439701449487,"isBackgroundTexture":true,"isVerticalText":false,"textColor":[0,0,0,1],"textureType":6},"initialState":{"affineTransform":[1,0,0,1,0,0],"masksToBounds":false,"rotation":0,"scale":1,"position":{"pointX":33.37738037109375,"pointY":25.89099073410034},"width":60,"sublayerTransform":[1,0,0,0,0,1,0,0,0,0,1,0,0,0,0,1],"contentsRect":{"y":0,"x":0,"width":1,"height":1},"opacity":1,"edgeAntialiasingMask":0,"height":31,"hidden":false,"anchorPoint":{"pointX":0.5,"pointY":0.5}},"texture":"4A575A456D1B1D322356F504779F3654"}]}]},{"animations":[],"initialState":{"affineTransform":[1,0,0,1,0,0],"masksToBounds":false,"rotation":0,"scale":1,"position":{"pointX":512,"pointY":384},"width":1024,"sublayerTransform":[1,0,0,0,0,1,0,0,0,0,1,0,0,0,0,1],"contentsRect":{"y":0,"x":0,"width":1,"height":1},"opacity":1,"edgeAntialiasingMask":251658240,"height":768,"hidden":false,"anchorPoint":{"pointX":0.5,"pointY":0.5}},"layers":[{"animations":[],"initialState":{"affineTransform":[1,0,0,1,0,0],"masksToBounds":false,"rotation":0,"scale":1,"position":{"pointX":681.6679933071136,"pointY":641},"width":176.9760012626648,"sublayerTransform":[1,0,0,0,0,1,0,0,0,0,1,0,0,0,0,1],"contentsRect":{"y":0,"x":0,"width":1,"height":1},"opacity":1,"edgeAntialiasingMask":251658240,"height":50.99999904632568,"hidden":false,"anchorPoint":{"pointX":0.5,"pointY":0.5}},"objectID":"A4A7637E-B05C-492F-ACAD-1CA347BAE3E1","layers":[{"animations":[],"layers":[],"texturedRectangle":{"singleTextureOpacity":1,"textXHeight":0.4964210526315789,"textBaseline":0.7426356390902871,"isBackgroundTexture":true,"isVerticalText":false,"textColor":[0,0,0,1],"textureType":6},"initialState":{"affineTransform":[1,0,0,1,0,0],"masksToBounds":false,"rotation":0,"scale":1,"position":{"pointX":87.82000732421875,"pointY":29.49999952316284},"width":168,"sublayerTransform":[1,0,0,0,0,1,0,0,0,0,1,0,0,0,0,1],"contentsRect":{"y":0,"x":0,"width":1,"height":1},"opacity":1,"edgeAntialiasingMask":0,"height":38,"hidden":false,"anchorPoint":{"pointX":0.5,"pointY":0.5}},"texture":"1FC697D0B78A08954F0479D252DA1578"}]}]},{"animations":[],"initialState":{"affineTransform":[1,0,0,1,0,0],"masksToBounds":false,"rotation":0,"scale":1,"position":{"pointX":512,"pointY":384},"width":1024,"sublayerTransform":[1,0,0,0,0,1,0,0,0,0,1,0,0,0,0,1],"contentsRect":{"y":0,"x":0,"width":1,"height":1},"opacity":1,"edgeAntialiasingMask":251658240,"height":768,"hidden":false,"anchorPoint":{"pointX":0.5,"pointY":0.5}},"layers":[{"animations":[],"initialState":{"affineTransform":[1,0,0,1,0,0],"masksToBounds":false,"rotation":0,"scale":1,"position":{"pointX":501.3702392578125,"pointY":715.269287109375},"width":866.5920257568359,"sublayerTransform":[1,0,0,0,0,1,0,0,0,0,1,0,0,0,0,1],"contentsRect":{"y":0,"x":0,"width":1,"height":1},"opacity":1,"edgeAntialiasingMask":251658240,"height":37.00000047683716,"hidden":false,"anchorPoint":{"pointX":0.5,"pointY":0.5}},"objectID":"165667CF-36B5-47B1-A9A7-641D950D8064","layers":[{"animations":[],"layers":[],"texturedRectangle":{"singleTextureOpacity":1,"textXHeight":0.4056774193548388,"textBaseline":0.7822383680651265,"isBackgroundTexture":true,"isVerticalText":false,"textColor":[0,0,0,1],"textureType":6},"initialState":{"affineTransform":[1,0,0,1,0,0],"masksToBounds":false,"rotation":0,"scale":1,"position":{"pointX":434.4257736206055,"pointY":18.73071312904358},"width":859,"sublayerTransform":[1,0,0,0,0,1,0,0,0,0,1,0,0,0,0,1],"contentsRect":{"y":0,"x":0,"width":1,"height":1},"opacity":1,"edgeAntialiasingMask":0,"height":31,"hidden":false,"anchorPoint":{"pointX":0.5,"pointY":0.5}},"texture":"A542CECA8307F75DB538D52B2A19A131"}]}]},{"animations":[],"initialState":{"affineTransform":[1,0,0,1,0,0],"masksToBounds":false,"rotation":0,"scale":1,"position":{"pointX":512,"pointY":384},"width":1024,"sublayerTransform":[1,0,0,0,0,1,0,0,0,0,1,0,0,0,0,1],"contentsRect":{"y":0,"x":0,"width":1,"height":1},"opacity":1,"edgeAntialiasingMask":251658240,"height":768,"hidden":false,"anchorPoint":{"pointX":0.5,"pointY":0.5}},"layers":[{"animations":[],"initialState":{"affineTransform":[1,0,0,1,0,0],"masksToBounds":false,"rotation":0,"scale":1,"position":{"pointX":512,"pointY":67.69665569067001},"width":874,"sublayerTransform":[1,0,0,0,0,1,0,0,0,0,1,0,0,0,0,1],"contentsRect":{"y":0,"x":0,"width":1,"height":1},"opacity":1,"edgeAntialiasingMask":251658240,"height":135.39331138134,"hidden":false,"anchorPoint":{"pointX":0.5,"pointY":0.5}},"objectID":"F5E062E3-B8D8-48F9-9112-133BBB07E903","layers":[{"animations":[],"layers":[],"texturedRectangle":{"singleTextureOpacity":1,"textXHeight":0.5306329113924051,"textBaseline":0.7670929341376582,"isBackgroundTexture":true,"isVerticalText":false,"textColor":[0,0,0,1],"textureType":6},"initialState":{"affineTransform":[1,0,0,1,0,0],"masksToBounds":false,"rotation":0,"scale":1,"position":{"pointX":438,"pointY":76.5},"width":614,"sublayerTransform":[1,0,0,0,0,1,0,0,0,0,1,0,0,0,0,1],"contentsRect":{"y":0,"x":0,"width":1,"height":1},"opacity":1,"edgeAntialiasingMask":0,"height":79,"hidden":false,"anchorPoint":{"pointX":0.5,"pointY":0.5}},"texture":"AD81D5A3762E0A92FB97BD02DB617CF5"}]}]},{"animations":[],"initialState":{"affineTransform":[1,0,0,1,0,0],"masksToBounds":false,"rotation":0,"scale":1,"position":{"pointX":512,"pointY":384},"width":1024,"sublayerTransform":[1,0,0,0,0,1,0,0,0,0,1,0,0,0,0,1],"contentsRect":{"y":0,"x":0,"width":1,"height":1},"opacity":1,"edgeAntialiasingMask":251658240,"height":768,"hidden":false,"anchorPoint":{"pointX":0.5,"pointY":0.5}},"layers":[{"animations":[],"initialState":{"affineTransform":[1,0,0,1,0,0],"masksToBounds":false,"rotation":0,"scale":1,"position":{"pointX":175.8018164634705,"pointY":449.4679870605469},"width":88.99199962615967,"sublayerTransform":[1,0,0,0,0,1,0,0,0,0,1,0,0,0,0,1],"contentsRect":{"y":0,"x":0,"width":1,"height":1},"opacity":1,"edgeAntialiasingMask":251658240,"height":50.99999904632568,"hidden":false,"anchorPoint":{"pointX":0.5,"pointY":0.5}},"objectID":"86B76771-6833-4C9E-BD5F-28887E818FF1","layers":[{"animations":[],"layers":[],"texturedRectangle":{"singleTextureOpacity":1,"textXHeight":0.6085161290322579,"textBaseline":0.9254239143863801,"isBackgroundTexture":true,"isVerticalText":false,"textColor":[0,0,0,1],"textureType":6},"initialState":{"affineTransform":[1,0,0,1,0,0],"masksToBounds":false,"rotation":0,"scale":1,"position":{"pointX":44.69418334960938,"pointY":25.53201246261597},"width":82,"sublayerTransform":[1,0,0,0,0,1,0,0,0,0,1,0,0,0,0,1],"contentsRect":{"y":0,"x":0,"width":1,"height":1},"opacity":1,"edgeAntialiasingMask":0,"height":31,"hidden":false,"anchorPoint":{"pointX":0.5,"pointY":0.5}},"texture":"CA07E5B0C8C7E16AF5215DAEC56ECEDB"}]}]},{"animations":[],"initialState":{"affineTransform":[1,0,0,1,0,0],"masksToBounds":false,"rotation":0,"scale":1,"position":{"pointX":512,"pointY":384},"width":1024,"sublayerTransform":[1,0,0,0,0,1,0,0,0,0,1,0,0,0,0,1],"contentsRect":{"y":0,"x":0,"width":1,"height":1},"opacity":1,"edgeAntialiasingMask":251658240,"height":768,"hidden":false,"anchorPoint":{"pointX":0.5,"pointY":0.5}},"layers":[{"animations":[],"initialState":{"affineTransform":[1,0,0,1,0,0],"masksToBounds":false,"rotation":0,"scale":1,"position":{"pointX":801.146674990654,"pointY":454.1923217773438},"width":67.03199744224548,"sublayerTransform":[1,0,0,0,0,1,0,0,0,0,1,0,0,0,0,1],"contentsRect":{"y":0,"x":0,"width":1,"height":1},"opacity":1,"edgeAntialiasingMask":251658240,"height":50.99999904632568,"hidden":false,"anchorPoint":{"pointX":0.5,"pointY":0.5}},"objectID":"D7B7BBA8-F42F-4232-92D7-8065093DE263","layers":[{"animations":[],"layers":[],"texturedRectangle":{"singleTextureOpacity":1,"textXHeight":0.6085161290322579,"textBaseline":0.9165314858959567,"isBackgroundTexture":true,"isVerticalText":false,"textColor":[0,0,0,1],"textureType":6},"initialState":{"affineTransform":[1,0,0,1,0,0],"masksToBounds":false,"rotation":0,"scale":1,"position":{"pointX":33.36932373046875,"pointY":25.80767774581909},"width":60,"sublayerTransform":[1,0,0,0,0,1,0,0,0,0,1,0,0,0,0,1],"contentsRect":{"y":0,"x":0,"width":1,"height":1},"opacity":1,"edgeAntialiasingMask":0,"height":31,"hidden":false,"anchorPoint":{"pointX":0.5,"pointY":0.5}},"texture":"4A575A456D1B1D322356F504779F3654"}]}]},{"animations":[],"initialState":{"affineTransform":[1,0,0,1,0,0],"masksToBounds":false,"rotation":0,"scale":1,"position":{"pointX":512,"pointY":384},"width":1024,"sublayerTransform":[1,0,0,0,0,1,0,0,0,0,1,0,0,0,0,1],"contentsRect":{"y":0,"x":0,"width":1,"height":1},"opacity":1,"edgeAntialiasingMask":251658240,"height":768,"hidden":false,"anchorPoint":{"pointX":0.5,"pointY":0.5}},"layers":[{"animations":[],"initialState":{"affineTransform":[1,0,0,1,0,0],"masksToBounds":false,"rotation":0,"scale":1,"position":{"pointX":511.5,"pointY":743.5000005960464},"width":19.0080001950264,"sublayerTransform":[1,0,0,0,0,1,0,0,0,0,1,0,0,0,0,1],"contentsRect":{"y":0,"x":0,"width":1,"height":1},"opacity":1,"edgeAntialiasingMask":251658240,"height":30.0000011920929,"hidden":false,"anchorPoint":{"pointX":0.5,"pointY":0.5}},"objectID":"5440E7DD-0AA6-439E-85DF-D50B6B67724B","layers":[{"animations":[],"layers":[],"texturedRectangle":{"singleTextureOpacity":1,"textXHeight":0.5548235294117646,"textBaseline":0.8447104061351103,"isBackgroundTexture":true,"isVerticalText":false,"textColor":[0,0,0,1],"textureType":6},"initialState":{"affineTransform":[1,0,0,1,0,0],"masksToBounds":false,"rotation":0,"scale":1,"position":{"pointX":8.504000097513199,"pointY":16},"width":13,"sublayerTransform":[1,0,0,0,0,1,0,0,0,0,1,0,0,0,0,1],"contentsRect":{"y":0,"x":0,"width":1,"height":1},"opacity":1,"edgeAntialiasingMask":0,"height":17,"hidden":false,"anchorPoint":{"pointX":0.5,"pointY":0.5}},"texture":"6904D7855F9E32AB2A73907CC3F7560B"}]}]}]}},{"effects":[{"beginTime":0,"baseLayer":{"animations":[],"initialState":{"affineTransform":[1,0,0,1,0,0],"masksToBounds":false,"rotation":0,"scale":1,"position":{"pointX":512,"pointY":384},"width":1024,"sublayerTransform":[1,0,0,0,0,1,0,0,0,0,1,0,0,0,0,1],"contentsRect":{"y":0,"x":0,"width":1,"height":1},"opacity":1,"edgeAntialiasingMask":251658240,"height":768,"hidden":false,"anchorPoint":{"pointX":0.5,"pointY":0.5}},"objectID":"0","layers":[{"animations":[],"initialState":{"affineTransform":[1,0,0,1,0,0],"masksToBounds":false,"rotation":0,"scale":1,"position":{"pointX":512,"pointY":384},"width":1024,"sublayerTransform":[1,0,0,0,0,1,0,0,0,0,1,-0.0004922987690640373,0,0,0,1],"contentsRect":{"y":0,"x":0,"width":1,"height":1},"opacity":1,"edgeAntialiasingMask":251658240,"height":768,"hidden":false,"anchorPoint":{"pointX":0.5,"pointY":0.5}},"layers":[{"animations":[],"layers":[],"texturedRectangle":{"isBackgroundTexture":false,"singleTextureOpacity":1,"textureType":0,"textBaseline":0,"textXHeight":0,"isVerticalText":false},"initialState":{"affineTransform":[1,0,0,1,0,0],"masksToBounds":false,"rotation":0,"scale":1,"position":{"pointX":512,"pointY":384},"width":1024,"sublayerTransform":[1,0,0,0,0,1,0,0,0,0,1,0,0,0,0,1],"contentsRect":{"y":0,"x":0,"width":1,"height":1},"opacity":1,"edgeAntialiasingMask":0,"height":768,"hidden":false,"anchorPoint":{"pointX":0.5,"pointY":0.5}},"texture":"1637A0C07374238DCFF54840F192DCB9"},{"animations":[{"timeOffset":0,"from":{"scalar":false},"beginTime":0,"repeatCount":0,"fillMode":"both","property":"hidden","autoreverses":false,"duration":0.01,"to":{"scalar":true}}],"layers":[],"texturedRectangle":{"isBackgroundTexture":false,"singleTextureOpacity":1,"textureType":0,"textBaseline":0,"textXHeight":0,"isVerticalText":false},"initialState":{"affineTransform":[1,0,0,1,0,0],"masksToBounds":false,"rotation":0,"scale":1,"position":{"pointX":512,"pointY":384},"width":1024,"sublayerTransform":[1,0,0,0,0,1,0,0,0,0,1,0,0,0,0,1],"contentsRect":{"y":0,"x":0,"width":1,"height":1},"opacity":1,"edgeAntialiasingMask":0,"height":768,"hidden":false,"anchorPoint":{"pointX":0.5,"pointY":0.5}},"texture":"AF299A60A36D1BA600B01721EE70532A"}]}]},"effects":[],"duration":0.01,"type":"transition","name":"none","objectID":"0"}],"automaticPlay":false,"hyperlinks":[{"url":"https://www.elektronik-kompendium.de/public/schaerer/ureg3pin.htm","targetRectangle":{"y":700.7692868709564,"x":191.2782263793945,"width":738.8880000000001,"height":29}}],"accessibility":[{"text":"Spannungsregler","targetRectangle":{"y":20,"x":203.76,"width":616.48,"height":96}},{"text":"GND","targetRectangle":{"y":645.8846440315247,"x":138.2977447509766,"width":79.99199999999999,"height":43}},{"text":"TO-220.jpg","targetRectangle":{"y":446.5482482910156,"x":704.36279296875,"width":199.5516662597656,"height":199.5516662597656}},{"text":"Out","targetRectangle":{"y":650.6090092658997,"x":774.6226196289062,"width":58.03200000000004,"height":43}},{"text":"LM 1117","targetRectangle":{"y":203.9999947547913,"x":735.1462919235229,"width":115.107421875,"height":43.20000171661377}},{"text":"1,8V, 2,5V, 2,85V 3,3V, 5V, ADJ","targetRectangle":{"y":247.199996471405,"x":584.0000028610229,"width":408.0599999999999,"height":43.20000171661377}},{"text":"TO-220 Gehäuse","targetRectangle":{"y":290.3999981880188,"x":584.0000028610229,"width":230.1300000000001,"height":43.20000171661377}},{"text":"Strom: 800mA","targetRectangle":{"y":333.5999999046326,"x":584.0000028610229,"width":189.51,"height":43.20000171661377}},{"text":"Min. Vin = Vout + 1,2V","targetRectangle":{"y":376.8000016212463,"x":584.0000028610229,"width":297.51,"height":43.20000171661377}},{"text":"Out","targetRectangle":{"y":432.6923222541809,"x":771.6306762695312,"width":58.03200000000004,"height":43}},{"text":"In","targetRectangle":{"y":587.5000004768372,"x":100.8249969482422,"width":30.024,"height":43}},{"text":"7805","targetRectangle":{"y":203.9999947547913,"x":199.4135284423828,"width":66.73828125,"height":43.20000171661377}},{"text":"{7805, 7806 .. 7812…}","targetRectangle":{"y":247.199996471405,"x":54,"width":300.1800000000001,"height":43.20000171661377}},{"text":"TO-220 Gehäuse","targetRectangle":{"y":290.3999981880188,"x":54,"width":230.1300000000001,"height":43.20000171661377}},{"text":"Strom: 1A","targetRectangle":{"y":333.5999999046326,"x":54,"width":131.16,"height":43.20000171661377}},{"text":"Min. Vin = Vout + 2V","targetRectangle":{"y":376.8000016212463,"x":54,"width":272.49,"height":43.20000171661377}},{"text":"Link Tipp:  https://www.elektronik-kompendium.de/public/schaerer/ureg3pin.htm","targetRectangle":{"y":700.7692868709564,"x":72.57422637939453,"width":857.5920000000001,"height":29}},{"text":"GND (Adj)","targetRectangle":{"y":619.5000004768372,"x":597.1799926757812,"width":167.976,"height":43}},{"text":"￼","targetRectangle":{"y":732.5,"x":506.4959999024868,"width":10.00800000000004,"height":22}},{"text":"Out","targetRectangle":{"y":587.5000004768372,"x":229.5631713867188,"width":58.03199999999998,"height":43}},{"text":"TO-220.jpg","targetRectangle":{"y":441.8239135742188,"x":79.01791381835938,"width":199.5516662597656,"height":199.5516662597656}},{"text":"In","targetRectangle":{"y":619.5000004768372,"x":868.8294067382812,"width":30.024,"height":43}},{"text":"Lineare Spannungsregler","targetRectangle":{"y":124.0000004768372,"x":308.5819997787476,"width":406.836,"height":43}},{"text":"GND","targetRectangle":{"y":427.967987537384,"x":135.3058166503906,"width":79.99199999999999,"height":43}}],"baseLayer":{"animations":[],"initialState":{"affineTransform":[1,0,0,1,0,0],"masksToBounds":false,"rotation":0,"scale":1,"position":{"pointX":512,"pointY":384},"width":1024,"sublayerTransform":[1,0,0,0,0,1,0,0,0,0,1,0,0,0,0,1],"contentsRect":{"y":0,"x":0,"width":1,"height":1},"opacity":1,"edgeAntialiasingMask":251658240,"height":768,"hidden":false,"anchorPoint":{"pointX":0.5,"pointY":0.5}},"objectID":"0","layers":[{"animations":[],"initialState":{"affineTransform":[1,0,0,1,0,0],"masksToBounds":false,"rotation":0,"scale":1,"position":{"pointX":512,"pointY":384},"width":1024,"sublayerTransform":[1,0,0,0,0,1,0,0,0,0,1,-0.0004922987690640373,0,0,0,1],"contentsRect":{"y":0,"x":0,"width":1,"height":1},"opacity":1,"edgeAntialiasingMask":251658240,"height":768,"hidden":false,"anchorPoint":{"pointX":0.5,"pointY":0.5}},"layers":[{"animations":[],"layers":[],"texturedRectangle":{"isBackgroundTexture":false,"singleTextureOpacity":1,"textureType":0,"textBaseline":0,"textXHeight":0,"isVerticalText":false},"initialState":{"affineTransform":[1,0,0,1,0,0],"masksToBounds":false,"rotation":0,"scale":1,"position":{"pointX":512,"pointY":384},"width":1024,"sublayerTransform":[1,0,0,0,0,1,0,0,0,0,1,0,0,0,0,1],"contentsRect":{"y":0,"x":0,"width":1,"height":1},"opacity":1,"edgeAntialiasingMask":0,"height":768,"hidden":false,"anchorPoint":{"pointX":0.5,"pointY":0.5}},"texture":"AF299A60A36D1BA600B01721EE70532A"}]}]}}]}