{"assets":{"5697FA5E05C44ED8924D2A0F93948324":{"type":"texture","index":8,"assetRequest":{"type":"slide","state":"contents","slide":"none"},"url":{"native":"assets/2E7A262A-D7BC-46A4-B78C-FC960D8F4165.pdf"},"width":13,"height":17},"A331C67D5283378380D0BA68377FB0D0":{"type":"texture","index":10,"assetRequest":{"type":"slide","state":"contents","slide":"none"},"url":{"native":"assets/2E7A262A-D7BC-46A4-B78C-FC960D8F4165.pdf"},"width":1024,"height":768},"08AC79468FE319108ED1F96DAE117F88":{"type":"texture","index":1,"assetRequest":{"type":"slide","state":"contents","slide":"none"},"url":{"native":"assets/2E7A262A-D7BC-46A4-B78C-FC960D8F4165.pdf"},"width":213,"height":186},"35A614F2A596F8223AA52F144C5DE466":{"type":"texture","index":4,"assetRequest":{"type":"slide","state":"contents","slide":"none"},"url":{"native":"assets/2E7A262A-D7BC-46A4-B78C-FC960D8F4165.pdf"},"width":483,"height":38},"ED5134E109829BC53ED6D15A1AF35042":{"type":"texture","index":2,"assetRequest":{"type":"slide","state":"contents","slide":"none"},"url":{"native":"assets/2E7A262A-D7BC-46A4-B78C-FC960D8F4165.pdf"},"width":285,"height":220},"7C971408F47140F627DFA05D5B54CC87":{"type":"texture","index":7,"assetRequest":{"type":"slide","state":"contents","slide":"none"},"url":{"native":"assets/2E7A262A-D7BC-46A4-B78C-FC960D8F4165.pdf"},"width":484,"height":160},"2F6D56E31A648596B40A17A782B22673":{"type":"texture","index":5,"assetRequest":{"type":"slide","state":"contents","slide":"none"},"url":{"native":"assets/2E7A262A-D7BC-46A4-B78C-FC960D8F4165.pdf"},"width":615,"height":80},"65BAAF6390B51427367F4665F139E0A9":{"type":"texture","index":9,"assetRequest":{"type":"slide","state":"contents","slide":"none"},"url":{"native":"assets/2E7A262A-D7BC-46A4-B78C-FC960D8F4165.pdf"},"width":1024,"height":768},"6238D30532DFF215BD9550106FA550F6":{"type":"texture","index":6,"assetRequest":{"type":"slide","state":"contents","slide":"none"},"url":{"native":"assets/2E7A262A-D7BC-46A4-B78C-FC960D8F4165.pdf"},"width":538,"height":117},"9D0229CA4CF343A195C8C239869445A2":{"type":"texture","index":3,"assetRequest":{"type":"slide","state":"contents","slide":"none"},"url":{"native":"assets/2E7A262A-D7BC-46A4-B78C-FC960D8F4165.pdf"},"width":910,"height":160},"498E23C82CA78A4BCD7BA88E5243B6FC":{"type":"texture","index":0,"assetRequest":{"type":"slide","state":"contents","slide":"none"},"url":{"native":"assets/2E7A262A-D7BC-46A4-B78C-FC960D8F4165.pdf"},"width":1024,"height":768}},"events":[{"effects":[{"beginTime":0,"baseLayer":{"animations":[],"initialState":{"affineTransform":[1,0,0,1,0,0],"masksToBounds":false,"rotation":0,"scale":1,"position":{"pointX":512,"pointY":145.5},"width":491.0759925842285,"sublayerTransform":[1,0,0,0,0,1,0,0,0,0,1,0,0,0,0,1],"contentsRect":{"y":0,"x":0,"width":1,"height":1},"opacity":1,"edgeAntialiasingMask":251658240,"height":50.99999904632568,"hidden":false,"anchorPoint":{"pointX":0.5,"pointY":0.5}},"objectID":"D12233DB-EF27-4072-8D76-0ECC70B59C95","layers":[{"animations":[],"initialState":{"affineTransform":[1,0,0,1,0,0],"masksToBounds":false,"rotation":0,"scale":1,"position":{"pointX":245.5379962921143,"pointY":263.9999995231628},"width":491.0759925842285,"sublayerTransform":[1,0,0,0,0,1,0,0,0,0,1,-0.0004922987690640373,0,0,0,1],"contentsRect":{"y":0,"x":0,"width":1,"height":1},"opacity":1,"edgeAntialiasingMask":251658240,"height":50.99999904632568,"hidden":false,"anchorPoint":{"pointX":0.5,"pointY":5.176470675682941}},"layers":[{"animations":[{"timeOffset":0,"from":{"scalar":true},"beginTime":1e-100,"repeatCount":0,"fillMode":"both","property":"hidden","autoreverses":false,"duration":0.01,"to":{"scalar":false}}],"layers":[],"texturedRectangle":{"singleTextureOpacity":1,"textXHeight":0.4964210526315789,"textBaseline":0.7294777443534449,"isBackgroundTexture":true,"isVerticalText":false,"textColor":[0,0,0,1],"textureType":6},"initialState":{"affineTransform":[1,0,0,1,0,0],"masksToBounds":false,"rotation":0,"scale":1,"position":{"pointX":246.0379962921143,"pointY":29.99999952316284},"width":483,"sublayerTransform":[1,0,0,0,0,1,0,0,0,0,1,0,0,0,0,1],"contentsRect":{"y":0,"x":0,"width":1,"height":1},"opacity":1,"edgeAntialiasingMask":0,"height":38,"hidden":true,"anchorPoint":{"pointX":0.5,"pointY":0.5}},"texture":"35A614F2A596F8223AA52F144C5DE466"}]}]},"effects":[],"duration":0.01,"type":"buildIn","name":"apple:appear","objectID":"D12233DB-EF27-4072-8D76-0ECC70B59C95"}],"automaticPlay":false,"hyperlinks":[],"accessibility":[{"text":"￼","targetRectangle":{"y":732.5,"x":506.4959999024868,"width":10.00800000000004,"height":22}},{"text":"DC-DC-LM2596.png","targetRectangle":{"y":520.3270874023438,"x":491.4100341796875,"width":282.2864990234375,"height":216.8000030517578}},{"text":"Step-Down-Converter mit LM2596","targetRectangle":{"y":553.3271126747131,"x":56.26528167724609,"width":480.0732421875,"height":43.20000171661377}},{"text":"Iout bis zu 2A","targetRectangle":{"y":596.5271143913269,"x":56.26528167724609,"width":183.42,"height":43.20000171661377}},{"text":"Vin 3V - 40V","targetRectangle":{"y":639.7271161079407,"x":56.26528167724609,"width":162.84,"height":43.20000171661377}},{"text":"Vout 1,5V - 35V","targetRectangle":{"y":682.9271178245544,"x":56.26528167724609,"width":205.11,"height":43.20000171661377}},{"text":"Vin < Vout: Step-Up-Converter, Boost-Converter, Aufwärtswandler","targetRectangle":{"y":225.599992275238,"x":54,"width":886.0405078124996,"height":43.20055103304185}},{"text":"Vin > Vout: Step-Down-Converter, Buck-Converter, Abwärtswandler","targetRectangle":{"y":268.8005433082799,"x":54,"width":907.7005078124998,"height":43.20055103304185}},{"text":"Vin < oder > Vout: Buck-Boost-Converter, Ab-Aufwärtswandler","targetRectangle":{"y":312.0010943413217,"x":54,"width":844.1197265624999,"height":43.20055103304185}},{"text":"Hersteller: Pololu, Murata, Recom, Traco Power, „No Name“ usw.","targetRectangle":{"y":355.2016453743636,"x":88.9999988079071,"width":863.0999999999997,"height":43.20000171661377}},{"text":"Pololu S7V7F5 Buck-Boost-Converter","targetRectangle":{"y":414.4913442134857,"x":57.44636535644531,"width":536.7626953125,"height":43.20000171661377}},{"text":"Iout bis zu 1A bei Vin > Vout","targetRectangle":{"y":457.6913459300995,"x":57.44636535644531,"width":377.76,"height":43.20000171661377}},{"text":"Iout bis zu 0,5A bei Vin < Out","targetRectangle":{"y":500.8913476467133,"x":57.44636535644531,"width":392.7599999999999,"height":43.20000171661377}},{"text":"S7V7F5.jpeg","targetRectangle":{"y":398.5357666015625,"x":729.9732055664062,"width":209.6496124267578,"height":182.6572265625}},{"text":"Spannungsregler","targetRectangle":{"y":20.425622433424,"x":203.7599847412109,"width":616.48,"height":96}}],"baseLayer":{"animations":[],"initialState":{"affineTransform":[1,0,0,1,0,0],"masksToBounds":false,"rotation":0,"scale":1,"position":{"pointX":512,"pointY":384},"width":1024,"sublayerTransform":[1,0,0,0,0,1,0,0,0,0,1,0,0,0,0,1],"contentsRect":{"y":0,"x":0,"width":1,"height":1},"opacity":1,"edgeAntialiasingMask":251658240,"height":768,"hidden":false,"anchorPoint":{"pointX":0.5,"pointY":0.5}},"layers":[{"animations":[],"initialState":{"affineTransform":[1,0,0,1,0,0],"masksToBounds":false,"rotation":0,"scale":1,"position":{"pointX":512,"pointY":384},"width":1024,"sublayerTransform":[1,0,0,0,0,1,0,0,0,0,1,0,0,0,0,1],"contentsRect":{"y":0,"x":0,"width":1,"height":1},"opacity":1,"edgeAntialiasingMask":251658240,"height":768,"hidden":false,"anchorPoint":{"pointX":0.5,"pointY":0.5}},"layers":[{"animations":[],"initialState":{"affineTransform":[1,0,0,1,0,0],"masksToBounds":false,"rotation":0,"scale":1,"position":{"pointX":512,"pointY":384},"width":1024,"sublayerTransform":[1,0,0,0,0,1,0,0,0,0,1,0,0,0,0,1],"contentsRect":{"y":0,"x":0,"width":1,"height":1},"opacity":1,"edgeAntialiasingMask":251658240,"height":768,"hidden":false,"anchorPoint":{"pointX":0.5,"pointY":0.5}},"layers":[{"animations":[],"layers":[],"texturedRectangle":{"isBackgroundTexture":true,"singleTextureOpacity":1,"textureType":1,"textBaseline":0,"textXHeight":0,"isVerticalText":false},"initialState":{"affineTransform":[1,0,0,1,0,0],"masksToBounds":false,"rotation":0,"scale":1,"position":{"pointX":512,"pointY":384},"width":1024,"sublayerTransform":[1,0,0,0,0,1,0,0,0,0,1,0,0,0,0,1],"contentsRect":{"y":0,"x":0,"width":1,"height":1},"opacity":1,"edgeAntialiasingMask":0,"height":768,"hidden":false,"anchorPoint":{"pointX":0.5,"pointY":0.5}},"texture":"498E23C82CA78A4BCD7BA88E5243B6FC"}]}]},{"animations":[],"initialState":{"affineTransform":[1,0,0,1,0,0],"masksToBounds":false,"rotation":0,"scale":1,"position":{"pointX":512,"pointY":384},"width":1024,"sublayerTransform":[1,0,0,0,0,1,0,0,0,0,1,0,0,0,0,1],"contentsRect":{"y":0,"x":0,"width":1,"height":1},"opacity":1,"edgeAntialiasingMask":251658240,"height":768,"hidden":false,"anchorPoint":{"pointX":0.5,"pointY":0.5}},"layers":[{"animations":[],"initialState":{"affineTransform":[1,0,0,1,0,0],"masksToBounds":false,"rotation":0,"scale":1,"position":{"pointX":834.7980117797852,"pointY":489.8643798828125},"width":209.6496124267578,"sublayerTransform":[1,0,0,0,0,1,0,0,0,0,1,0,0,0,0,1],"contentsRect":{"y":0,"x":0,"width":1,"height":1},"opacity":1,"edgeAntialiasingMask":251658240,"height":182.6572265625,"hidden":false,"anchorPoint":{"pointX":0.5,"pointY":0.5}},"objectID":"20B515ED-1E99-4140-AC64-0464C0543AE2","layers":[{"animations":[],"layers":[],"texturedRectangle":{"isBackgroundTexture":true,"singleTextureOpacity":1,"textureType":5,"textBaseline":0,"textXHeight":0,"isVerticalText":false},"initialState":{"affineTransform":[1,0,0,1,0,0],"masksToBounds":false,"rotation":0,"scale":1,"position":{"pointX":104.5267944335938,"pointY":91.4642333984375},"width":213,"sublayerTransform":[1,0,0,0,0,1,0,0,0,0,1,0,0,0,0,1],"contentsRect":{"y":0,"x":0,"width":1,"height":1},"opacity":1,"edgeAntialiasingMask":0,"height":186,"hidden":false,"anchorPoint":{"pointX":0.5,"pointY":0.5}},"texture":"08AC79468FE319108ED1F96DAE117F88"}]}]},{"animations":[],"initialState":{"affineTransform":[1,0,0,1,0,0],"masksToBounds":false,"rotation":0,"scale":1,"position":{"pointX":512,"pointY":384},"width":1024,"sublayerTransform":[1,0,0,0,0,1,0,0,0,0,1,0,0,0,0,1],"contentsRect":{"y":0,"x":0,"width":1,"height":1},"opacity":1,"edgeAntialiasingMask":251658240,"height":768,"hidden":false,"anchorPoint":{"pointX":0.5,"pointY":0.5}},"layers":[{"animations":[],"initialState":{"affineTransform":[1,0,0,1,0,0],"masksToBounds":false,"rotation":0,"scale":1,"position":{"pointX":632.5532836914062,"pointY":628.7270889282227},"width":282.2864990234375,"sublayerTransform":[1,0,0,0,0,1,0,0,0,0,1,0,0,0,0,1],"contentsRect":{"y":0,"x":0,"width":1,"height":1},"opacity":1,"edgeAntialiasingMask":251658240,"height":216.8000030517578,"hidden":false,"anchorPoint":{"pointX":0.5,"pointY":0.5}},"objectID":"30DA792A-34BD-4C13-8ED2-8A87E7AC3805","layers":[{"animations":[],"layers":[],"texturedRectangle":{"isBackgroundTexture":true,"singleTextureOpacity":1,"textureType":5,"textBaseline":0,"textXHeight":0,"isVerticalText":false},"initialState":{"affineTransform":[1,0,0,1,0,0],"masksToBounds":false,"rotation":0,"scale":1,"position":{"pointX":141.0899658203125,"pointY":108.6729125976562},"width":285,"sublayerTransform":[1,0,0,0,0,1,0,0,0,0,1,0,0,0,0,1],"contentsRect":{"y":0,"x":0,"width":1,"height":1},"opacity":1,"edgeAntialiasingMask":0,"height":220,"hidden":false,"anchorPoint":{"pointX":0.5,"pointY":0.5}},"texture":"ED5134E109829BC53ED6D15A1AF35042"}]}]},{"animations":[],"initialState":{"affineTransform":[1,0,0,1,0,0],"masksToBounds":false,"rotation":0,"scale":1,"position":{"pointX":512,"pointY":384},"width":1024,"sublayerTransform":[1,0,0,0,0,1,0,0,0,0,1,0,0,0,0,1],"contentsRect":{"y":0,"x":0,"width":1,"height":1},"opacity":1,"edgeAntialiasingMask":251658240,"height":768,"hidden":false,"anchorPoint":{"pointX":0.5,"pointY":0.5}},"layers":[{"animations":[],"initialState":{"affineTransform":[1,0,0,1,0,0],"masksToBounds":false,"rotation":0,"scale":1,"position":{"pointX":523.8345623016357,"pointY":308.4008178710938},"width":947.6691246032715,"sublayerTransform":[1,0,0,0,0,1,0,0,0,0,1,0,0,0,0,1],"contentsRect":{"y":0,"x":0,"width":1,"height":1},"opacity":1,"edgeAntialiasingMask":251658240,"height":173.6016511917114,"hidden":false,"anchorPoint":{"pointX":0.5,"pointY":0.5}},"objectID":"2E259041-5A44-4A2A-82CD-03CBDC0F3C75","layers":[{"animations":[],"layers":[],"texturedRectangle":{"singleTextureOpacity":1,"textXHeight":0.09979248046875,"textBaseline":0.9643860846761981,"isBackgroundTexture":true,"isVerticalText":false,"textColor":[0,0,0,1],"textureType":6},"initialState":{"affineTransform":[1,0,0,1,0,0],"masksToBounds":false,"rotation":0,"scale":1,"position":{"pointX":458,"pointY":88.40000772476196},"width":910,"sublayerTransform":[1,0,0,0,0,1,0,0,0,0,1,0,0,0,0,1],"contentsRect":{"y":0,"x":0,"width":1,"height":1},"opacity":1,"edgeAntialiasingMask":0,"height":160,"hidden":false,"anchorPoint":{"pointX":0.5,"pointY":0.5}},"texture":"9D0229CA4CF343A195C8C239869445A2"}]}]},{"animations":[],"initialState":{"affineTransform":[1,0,0,1,0,0],"masksToBounds":false,"rotation":0,"scale":1,"position":{"pointX":512,"pointY":384},"width":1024,"sublayerTransform":[1,0,0,0,0,1,0,0,0,0,1,0,0,0,0,1],"contentsRect":{"y":0,"x":0,"width":1,"height":1},"opacity":1,"edgeAntialiasingMask":251658240,"height":768,"hidden":false,"anchorPoint":{"pointX":0.5,"pointY":0.5}},"layers":[{"animations":[],"initialState":{"affineTransform":[1,0,0,1,0,0],"masksToBounds":false,"rotation":0,"scale":1,"position":{"pointX":512,"pointY":145.5},"width":491.0759925842285,"sublayerTransform":[1,0,0,0,0,1,0,0,0,0,1,0,0,0,0,1],"contentsRect":{"y":0,"x":0,"width":1,"height":1},"opacity":1,"edgeAntialiasingMask":251658240,"height":50.99999904632568,"hidden":false,"anchorPoint":{"pointX":0.5,"pointY":0.5}},"objectID":"D12233DB-EF27-4072-8D76-0ECC70B59C95","layers":[{"animations":[],"layers":[],"texturedRectangle":{"singleTextureOpacity":1,"textXHeight":0.4964210526315789,"textBaseline":0.7294777443534449,"isBackgroundTexture":true,"isVerticalText":false,"textColor":[0,0,0,1],"textureType":6},"initialState":{"affineTransform":[1,0,0,1,0,0],"masksToBounds":false,"rotation":0,"scale":1,"position":{"pointX":246.0379962921143,"pointY":29.99999952316284},"width":483,"sublayerTransform":[1,0,0,0,0,1,0,0,0,0,1,0,0,0,0,1],"contentsRect":{"y":0,"x":0,"width":1,"height":1},"opacity":1,"edgeAntialiasingMask":0,"height":38,"hidden":true,"anchorPoint":{"pointX":0.5,"pointY":0.5}},"texture":"35A614F2A596F8223AA52F144C5DE466"}]}]},{"animations":[],"initialState":{"affineTransform":[1,0,0,1,0,0],"masksToBounds":false,"rotation":0,"scale":1,"position":{"pointX":512,"pointY":384},"width":1024,"sublayerTransform":[1,0,0,0,0,1,0,0,0,0,1,0,0,0,0,1],"contentsRect":{"y":0,"x":0,"width":1,"height":1},"opacity":1,"edgeAntialiasingMask":251658240,"height":768,"hidden":false,"anchorPoint":{"pointX":0.5,"pointY":0.5}},"layers":[{"animations":[],"initialState":{"affineTransform":[1,0,0,1,0,0],"masksToBounds":false,"rotation":0,"scale":1,"position":{"pointX":512.000000834465,"pointY":68.12227812409401},"width":900.0000321865082,"sublayerTransform":[1,0,0,0,0,1,0,0,0,0,1,0,0,0,0,1],"contentsRect":{"y":0,"x":0,"width":1,"height":1},"opacity":1,"edgeAntialiasingMask":251658240,"height":135.39331138134,"hidden":false,"anchorPoint":{"pointX":0.5,"pointY":0.5}},"objectID":"DC2E378B-E87D-4EB6-8BA3-52951AD76796","layers":[{"animations":[],"layers":[],"texturedRectangle":{"singleTextureOpacity":1,"textXHeight":0.524,"textBaseline":0.7628245528787374,"isBackgroundTexture":true,"isVerticalText":false,"textColor":[0,0,0,1],"textureType":6},"initialState":{"affineTransform":[1,0,0,1,0,0],"masksToBounds":false,"rotation":0,"scale":1,"position":{"pointX":450.5000152587891,"pointY":76.574377566576},"width":615,"sublayerTransform":[1,0,0,0,0,1,0,0,0,0,1,0,0,0,0,1],"contentsRect":{"y":0,"x":0,"width":1,"height":1},"opacity":1,"edgeAntialiasingMask":0,"height":80,"hidden":false,"anchorPoint":{"pointX":0.5,"pointY":0.5}},"texture":"2F6D56E31A648596B40A17A782B22673"}]}]},{"animations":[],"initialState":{"affineTransform":[1,0,0,1,0,0],"masksToBounds":false,"rotation":0,"scale":1,"position":{"pointX":512,"pointY":384},"width":1024,"sublayerTransform":[1,0,0,0,0,1,0,0,0,0,1,0,0,0,0,1],"contentsRect":{"y":0,"x":0,"width":1,"height":1},"opacity":1,"edgeAntialiasingMask":251658240,"height":768,"hidden":false,"anchorPoint":{"pointX":0.5,"pointY":0.5}},"layers":[{"animations":[],"initialState":{"affineTransform":[1,0,0,1,0,0],"masksToBounds":false,"rotation":0,"scale":1,"position":{"pointX":330.4951915740967,"pointY":475.6913452148438},"width":554.0976524353027,"sublayerTransform":[1,0,0,0,0,1,0,0,0,0,1,0,0,0,0,1],"contentsRect":{"y":0,"x":0,"width":1,"height":1},"opacity":1,"edgeAntialiasingMask":251658240,"height":130.4000020027161,"hidden":false,"anchorPoint":{"pointX":0.5,"pointY":0.5}},"objectID":"E5BC2796-FFEC-4844-BF9B-D38EC8838591","layers":[{"animations":[],"layers":[],"texturedRectangle":{"singleTextureOpacity":1,"textXHeight":0.1364683493589744,"textBaseline":0.9486450924832597,"isBackgroundTexture":true,"isVerticalText":false,"textColor":[0,0,0,1],"textureType":6},"initialState":{"affineTransform":[1,0,0,1,0,0],"masksToBounds":false,"rotation":0,"scale":1,"position":{"pointX":273.5536346435547,"pointY":67.00865578651428},"width":538,"sublayerTransform":[1,0,0,0,0,1,0,0,0,0,1,0,0,0,0,1],"contentsRect":{"y":0,"x":0,"width":1,"height":1},"opacity":1,"edgeAntialiasingMask":0,"height":117,"hidden":false,"anchorPoint":{"pointX":0.5,"pointY":0.5}},"texture":"6238D30532DFF215BD9550106FA550F6"}]}]},{"animations":[],"initialState":{"affineTransform":[1,0,0,1,0,0],"masksToBounds":false,"rotation":0,"scale":1,"position":{"pointX":512,"pointY":384},"width":1024,"sublayerTransform":[1,0,0,0,0,1,0,0,0,0,1,0,0,0,0,1],"contentsRect":{"y":0,"x":0,"width":1,"height":1},"opacity":1,"edgeAntialiasingMask":251658240,"height":768,"hidden":false,"anchorPoint":{"pointX":0.5,"pointY":0.5}},"layers":[{"animations":[],"initialState":{"affineTransform":[1,0,0,1,0,0],"masksToBounds":false,"rotation":0,"scale":1,"position":{"pointX":300.9693813323975,"pointY":657.7271118164062},"width":497.4081993103027,"sublayerTransform":[1,0,0,0,0,1,0,0,0,0,1,0,0,0,0,1],"contentsRect":{"y":0,"x":0,"width":1,"height":1},"opacity":1,"edgeAntialiasingMask":251658240,"height":216.7999982833862,"hidden":false,"anchorPoint":{"pointX":0.5,"pointY":0.5}},"objectID":"56DF7425-A630-4B80-8EF5-5FD66FA256B0","layers":[{"animations":[],"layers":[],"texturedRectangle":{"singleTextureOpacity":1,"textXHeight":0.09979248046875,"textBaseline":1.232670298218727,"isBackgroundTexture":true,"isVerticalText":false,"textColor":[0,0,0,1],"textureType":6},"initialState":{"affineTransform":[1,0,0,1,0,0],"masksToBounds":false,"rotation":0,"scale":1,"position":{"pointX":244.7347183227539,"pointY":88.67288732528687},"width":484,"sublayerTransform":[1,0,0,0,0,1,0,0,0,0,1,0,0,0,0,1],"contentsRect":{"y":0,"x":0,"width":1,"height":1},"opacity":1,"edgeAntialiasingMask":0,"height":160,"hidden":false,"anchorPoint":{"pointX":0.5,"pointY":0.5}},"texture":"7C971408F47140F627DFA05D5B54CC87"}]}]},{"animations":[],"initialState":{"affineTransform":[1,0,0,1,0,0],"masksToBounds":false,"rotation":0,"scale":1,"position":{"pointX":512,"pointY":384},"width":1024,"sublayerTransform":[1,0,0,0,0,1,0,0,0,0,1,0,0,0,0,1],"contentsRect":{"y":0,"x":0,"width":1,"height":1},"opacity":1,"edgeAntialiasingMask":251658240,"height":768,"hidden":false,"anchorPoint":{"pointX":0.5,"pointY":0.5}},"layers":[{"animations":[],"initialState":{"affineTransform":[1,0,0,1,0,0],"masksToBounds":false,"rotation":0,"scale":1,"position":{"pointX":511.5,"pointY":743.5000005960464},"width":19.0080001950264,"sublayerTransform":[1,0,0,0,0,1,0,0,0,0,1,0,0,0,0,1],"contentsRect":{"y":0,"x":0,"width":1,"height":1},"opacity":1,"edgeAntialiasingMask":251658240,"height":30.0000011920929,"hidden":false,"anchorPoint":{"pointX":0.5,"pointY":0.5}},"objectID":"5077B2E9-3785-46F5-8691-81E25D4FDD5A","layers":[{"animations":[],"layers":[],"texturedRectangle":{"singleTextureOpacity":1,"textXHeight":0.5548235294117646,"textBaseline":0.8447104061351103,"isBackgroundTexture":true,"isVerticalText":false,"textColor":[0,0,0,1],"textureType":6},"initialState":{"affineTransform":[1,0,0,1,0,0],"masksToBounds":false,"rotation":0,"scale":1,"position":{"pointX":8.504000097513199,"pointY":16},"width":13,"sublayerTransform":[1,0,0,0,0,1,0,0,0,0,1,0,0,0,0,1],"contentsRect":{"y":0,"x":0,"width":1,"height":1},"opacity":1,"edgeAntialiasingMask":0,"height":17,"hidden":false,"anchorPoint":{"pointX":0.5,"pointY":0.5}},"texture":"5697FA5E05C44ED8924D2A0F93948324"}]}]}]}},{"effects":[{"beginTime":0,"baseLayer":{"animations":[],"initialState":{"affineTransform":[1,0,0,1,0,0],"masksToBounds":false,"rotation":0,"scale":1,"position":{"pointX":512,"pointY":384},"width":1024,"sublayerTransform":[1,0,0,0,0,1,0,0,0,0,1,0,0,0,0,1],"contentsRect":{"y":0,"x":0,"width":1,"height":1},"opacity":1,"edgeAntialiasingMask":251658240,"height":768,"hidden":false,"anchorPoint":{"pointX":0.5,"pointY":0.5}},"objectID":"0","layers":[{"animations":[],"initialState":{"affineTransform":[1,0,0,1,0,0],"masksToBounds":false,"rotation":0,"scale":1,"position":{"pointX":512,"pointY":384},"width":1024,"sublayerTransform":[1,0,0,0,0,1,0,0,0,0,1,-0.0004922987690640373,0,0,0,1],"contentsRect":{"y":0,"x":0,"width":1,"height":1},"opacity":1,"edgeAntialiasingMask":251658240,"height":768,"hidden":false,"anchorPoint":{"pointX":0.5,"pointY":0.5}},"layers":[{"animations":[],"layers":[],"texturedRectangle":{"isBackgroundTexture":false,"singleTextureOpacity":1,"textureType":0,"textBaseline":0,"textXHeight":0,"isVerticalText":false},"initialState":{"affineTransform":[1,0,0,1,0,0],"masksToBounds":false,"rotation":0,"scale":1,"position":{"pointX":512,"pointY":384},"width":1024,"sublayerTransform":[1,0,0,0,0,1,0,0,0,0,1,0,0,0,0,1],"contentsRect":{"y":0,"x":0,"width":1,"height":1},"opacity":1,"edgeAntialiasingMask":0,"height":768,"hidden":false,"anchorPoint":{"pointX":0.5,"pointY":0.5}},"texture":"A331C67D5283378380D0BA68377FB0D0"},{"animations":[{"timeOffset":0,"from":{"scalar":false},"beginTime":0,"repeatCount":0,"fillMode":"both","property":"hidden","autoreverses":false,"duration":0.01,"to":{"scalar":true}}],"layers":[],"texturedRectangle":{"isBackgroundTexture":false,"singleTextureOpacity":1,"textureType":0,"textBaseline":0,"textXHeight":0,"isVerticalText":false},"initialState":{"affineTransform":[1,0,0,1,0,0],"masksToBounds":false,"rotation":0,"scale":1,"position":{"pointX":512,"pointY":384},"width":1024,"sublayerTransform":[1,0,0,0,0,1,0,0,0,0,1,0,0,0,0,1],"contentsRect":{"y":0,"x":0,"width":1,"height":1},"opacity":1,"edgeAntialiasingMask":0,"height":768,"hidden":false,"anchorPoint":{"pointX":0.5,"pointY":0.5}},"texture":"65BAAF6390B51427367F4665F139E0A9"}]}]},"effects":[],"duration":0.01,"type":"transition","name":"none","objectID":"0"}],"automaticPlay":false,"hyperlinks":[],"accessibility":[{"text":"￼","targetRectangle":{"y":732.5,"x":506.4959999024868,"width":10.00800000000004,"height":22}},{"text":"Schaltregler / DC/DC-Wandler","targetRectangle":{"y":124.0000004768372,"x":270.9620037078857,"width":482.076,"height":43}},{"text":"DC-DC-LM2596.png","targetRectangle":{"y":520.3270874023438,"x":491.4100341796875,"width":282.2864990234375,"height":216.8000030517578}},{"text":"Step-Down-Converter mit LM2596","targetRectangle":{"y":553.3271126747131,"x":56.26528167724609,"width":480.0732421875,"height":43.20000171661377}},{"text":"Iout bis zu 2A","targetRectangle":{"y":596.5271143913269,"x":56.26528167724609,"width":183.42,"height":43.20000171661377}},{"text":"Vin 3V - 40V","targetRectangle":{"y":639.7271161079407,"x":56.26528167724609,"width":162.84,"height":43.20000171661377}},{"text":"Vout 1,5V - 35V","targetRectangle":{"y":682.9271178245544,"x":56.26528167724609,"width":205.11,"height":43.20000171661377}},{"text":"Vin < Vout: Step-Up-Converter, Boost-Converter, Aufwärtswandler","targetRectangle":{"y":225.599992275238,"x":54,"width":886.0405078124996,"height":43.20055103304185}},{"text":"Vin > Vout: Step-Down-Converter, Buck-Converter, Abwärtswandler","targetRectangle":{"y":268.8005433082799,"x":54,"width":907.7005078124998,"height":43.20055103304185}},{"text":"Vin < oder > Vout: Buck-Boost-Converter, Ab-Aufwärtswandler","targetRectangle":{"y":312.0010943413217,"x":54,"width":844.1197265624999,"height":43.20055103304185}},{"text":"Hersteller: Pololu, Murata, Recom, Traco Power, „No Name“ usw.","targetRectangle":{"y":355.2016453743636,"x":88.9999988079071,"width":863.0999999999997,"height":43.20000171661377}},{"text":"Pololu S7V7F5 Buck-Boost-Converter","targetRectangle":{"y":414.4913442134857,"x":57.44636535644531,"width":536.7626953125,"height":43.20000171661377}},{"text":"Iout bis zu 1A bei Vin > Vout","targetRectangle":{"y":457.6913459300995,"x":57.44636535644531,"width":377.76,"height":43.20000171661377}},{"text":"Iout bis zu 0,5A bei Vin < Out","targetRectangle":{"y":500.8913476467133,"x":57.44636535644531,"width":392.7599999999999,"height":43.20000171661377}},{"text":"S7V7F5.jpeg","targetRectangle":{"y":398.5357666015625,"x":729.9732055664062,"width":209.6496124267578,"height":182.6572265625}},{"text":"Spannungsregler","targetRectangle":{"y":20.425622433424,"x":203.7599847412109,"width":616.48,"height":96}}],"baseLayer":{"animations":[],"initialState":{"affineTransform":[1,0,0,1,0,0],"masksToBounds":false,"rotation":0,"scale":1,"position":{"pointX":512,"pointY":384},"width":1024,"sublayerTransform":[1,0,0,0,0,1,0,0,0,0,1,0,0,0,0,1],"contentsRect":{"y":0,"x":0,"width":1,"height":1},"opacity":1,"edgeAntialiasingMask":251658240,"height":768,"hidden":false,"anchorPoint":{"pointX":0.5,"pointY":0.5}},"objectID":"0","layers":[{"animations":[],"initialState":{"affineTransform":[1,0,0,1,0,0],"masksToBounds":false,"rotation":0,"scale":1,"position":{"pointX":512,"pointY":384},"width":1024,"sublayerTransform":[1,0,0,0,0,1,0,0,0,0,1,-0.0004922987690640373,0,0,0,1],"contentsRect":{"y":0,"x":0,"width":1,"height":1},"opacity":1,"edgeAntialiasingMask":251658240,"height":768,"hidden":false,"anchorPoint":{"pointX":0.5,"pointY":0.5}},"layers":[{"animations":[],"layers":[],"texturedRectangle":{"isBackgroundTexture":false,"singleTextureOpacity":1,"textureType":0,"textBaseline":0,"textXHeight":0,"isVerticalText":false},"initialState":{"affineTransform":[1,0,0,1,0,0],"masksToBounds":false,"rotation":0,"scale":1,"position":{"pointX":512,"pointY":384},"width":1024,"sublayerTransform":[1,0,0,0,0,1,0,0,0,0,1,0,0,0,0,1],"contentsRect":{"y":0,"x":0,"width":1,"height":1},"opacity":1,"edgeAntialiasingMask":0,"height":768,"hidden":false,"anchorPoint":{"pointX":0.5,"pointY":0.5}},"texture":"65BAAF6390B51427367F4665F139E0A9"}]}]}}]}