{"assets":{"561F513BF0152A2A4E96BC77EF1F5485":{"type":"texture","index":0,"assetRequest":{"type":"slide","state":"contents","slide":"none"},"url":{"native":"assets/559DEF3D-DF8B-4270-93FF-DFB138A07E73.pdf"},"width":1024,"height":768},"0F8445C51D2CEE1AD966497DD8E917F6":{"type":"texture","index":1,"assetRequest":{"type":"slide","state":"contents","slide":"none"},"url":{"native":"assets/559DEF3D-DF8B-4270-93FF-DFB138A07E73.pdf"},"width":1024,"height":768}},"events":[{"effects":[{"beginTime":0,"baseLayer":{"animations":[],"initialState":{"affineTransform":[1,0,0,1,0,0],"masksToBounds":false,"rotation":0,"scale":1,"position":{"pointX":512,"pointY":384},"width":1024,"sublayerTransform":[1,0,0,0,0,1,0,0,0,0,1,0,0,0,0,1],"contentsRect":{"y":0,"x":0,"width":1,"height":1},"opacity":1,"edgeAntialiasingMask":251658240,"height":768,"hidden":false,"anchorPoint":{"pointX":0.5,"pointY":0.5}},"objectID":"0","layers":[{"animations":[],"initialState":{"affineTransform":[1,0,0,1,0,0],"masksToBounds":false,"rotation":0,"scale":1,"position":{"pointX":512,"pointY":384},"width":1024,"sublayerTransform":[1,0,0,0,0,1,0,0,0,0,1,-0.0004922987690640373,0,0,0,1],"contentsRect":{"y":0,"x":0,"width":1,"height":1},"opacity":1,"edgeAntialiasingMask":251658240,"height":768,"hidden":false,"anchorPoint":{"pointX":0.5,"pointY":0.5}},"layers":[{"animations":[],"layers":[],"texturedRectangle":{"isBackgroundTexture":false,"singleTextureOpacity":1,"textureType":0,"textBaseline":0,"textXHeight":0,"isVerticalText":false},"initialState":{"affineTransform":[1,0,0,1,0,0],"masksToBounds":false,"rotation":0,"scale":1,"position":{"pointX":512,"pointY":384},"width":1024,"sublayerTransform":[1,0,0,0,0,1,0,0,0,0,1,0,0,0,0,1],"contentsRect":{"y":0,"x":0,"width":1,"height":1},"opacity":1,"edgeAntialiasingMask":0,"height":768,"hidden":false,"anchorPoint":{"pointX":0.5,"pointY":0.5}},"texture":"0F8445C51D2CEE1AD966497DD8E917F6"},{"animations":[{"timeOffset":0,"from":{"scalar":false},"beginTime":0,"repeatCount":0,"fillMode":"both","property":"hidden","autoreverses":false,"duration":0.01,"to":{"scalar":true}}],"layers":[],"texturedRectangle":{"isBackgroundTexture":false,"singleTextureOpacity":1,"textureType":0,"textBaseline":0,"textXHeight":0,"isVerticalText":false},"initialState":{"affineTransform":[1,0,0,1,0,0],"masksToBounds":false,"rotation":0,"scale":1,"position":{"pointX":512,"pointY":384},"width":1024,"sublayerTransform":[1,0,0,0,0,1,0,0,0,0,1,0,0,0,0,1],"contentsRect":{"y":0,"x":0,"width":1,"height":1},"opacity":1,"edgeAntialiasingMask":0,"height":768,"hidden":false,"anchorPoint":{"pointX":0.5,"pointY":0.5}},"texture":"561F513BF0152A2A4E96BC77EF1F5485"}]}]},"effects":[],"duration":0.01,"type":"transition","name":"none","objectID":"0"}],"automaticPlay":false,"hyperlinks":[],"accessibility":[{"text":"1 Gate","targetRectangle":{"y":582.2814340591431,"x":328.8680419921875,"width":90.06,"height":36}},{"text":"2 Drain","targetRectangle":{"y":618.2814340591431,"x":328.8680419921875,"width":96.69,"height":36}},{"text":"3 Source","targetRectangle":{"y":654.2814340591431,"x":328.8680419921875,"width":119.52,"height":36}},{"text":"4 Drain","targetRectangle":{"y":690.2814340591431,"x":328.8680419921875,"width":96.69,"height":36}},{"text":"Für größere Stromverbraucher > 20mA","targetRectangle":{"y":203.9999947547913,"x":95.99999928474426,"width":518.3100000000001,"height":43.20000171661377}},{"text":"Für Verbraucher mit Betriebsspannung > Vcc","targetRectangle":{"y":247.199996471405,"x":95.99999928474426,"width":608.34,"height":43.20000171661377}},{"text":"N-Kanal MOS-FET z.B. IRLZ 44 N   TO-220 Gehäuse","targetRectangle":{"y":290.3999981880188,"x":95.99999928474426,"width":703.6199999999994,"height":43.20000171661377}},{"text":"Vorwiderstand R1 zum Schutz","targetRectangle":{"y":333.5999999046326,"x":95.99999928474426,"width":401.79,"height":43.20000171661377}},{"text":"Pull-Down Widerstand R2 (def. Zustand)","targetRectangle":{"y":376.8000016212463,"x":95.99999928474426,"width":540.1199999999999,"height":43.20000171661377}},{"text":"MOS-FET","targetRectangle":{"y":20.425622433424,"x":340.8799847412109,"width":342.24,"height":96}},{"text":"1 2 3","targetRectangle":{"y":688.9221196174622,"x":163.9774289131165,"width":80.06399999999999,"height":43}},{"text":"Digital Out LED FET.png","targetRectangle":{"y":189.546142578125,"x":492.7168273925781,"width":511,"height":533}},{"text":"TO-220.jpg","targetRectangle":{"y":445.1941528320312,"x":69.56923675537109,"width":268.88037109375,"height":268.88037109375}},{"text":"4","targetRectangle":{"y":461.975769162178,"x":244.6452144384384,"width":16.68000000000001,"height":36}},{"text":"￼","targetRectangle":{"y":732.5,"x":506.4959999024868,"width":10.00800000000004,"height":22}}],"baseLayer":{"animations":[],"initialState":{"affineTransform":[1,0,0,1,0,0],"masksToBounds":false,"rotation":0,"scale":1,"position":{"pointX":512,"pointY":384},"width":1024,"sublayerTransform":[1,0,0,0,0,1,0,0,0,0,1,0,0,0,0,1],"contentsRect":{"y":0,"x":0,"width":1,"height":1},"opacity":1,"edgeAntialiasingMask":251658240,"height":768,"hidden":false,"anchorPoint":{"pointX":0.5,"pointY":0.5}},"objectID":"0","layers":[{"animations":[],"initialState":{"affineTransform":[1,0,0,1,0,0],"masksToBounds":false,"rotation":0,"scale":1,"position":{"pointX":512,"pointY":384},"width":1024,"sublayerTransform":[1,0,0,0,0,1,0,0,0,0,1,-0.0004922987690640373,0,0,0,1],"contentsRect":{"y":0,"x":0,"width":1,"height":1},"opacity":1,"edgeAntialiasingMask":251658240,"height":768,"hidden":false,"anchorPoint":{"pointX":0.5,"pointY":0.5}},"layers":[{"animations":[],"layers":[],"texturedRectangle":{"isBackgroundTexture":false,"singleTextureOpacity":1,"textureType":0,"textBaseline":0,"textXHeight":0,"isVerticalText":false},"initialState":{"affineTransform":[1,0,0,1,0,0],"masksToBounds":false,"rotation":0,"scale":1,"position":{"pointX":512,"pointY":384},"width":1024,"sublayerTransform":[1,0,0,0,0,1,0,0,0,0,1,0,0,0,0,1],"contentsRect":{"y":0,"x":0,"width":1,"height":1},"opacity":1,"edgeAntialiasingMask":0,"height":768,"hidden":false,"anchorPoint":{"pointX":0.5,"pointY":0.5}},"texture":"561F513BF0152A2A4E96BC77EF1F5485"}]}]}}]}