{"assets":{"A331C67D5283378380D0BA68377FB0D0":{"type":"texture","index":0,"assetRequest":{"type":"slide","state":"contents","slide":"none"},"url":{"native":"assets/68E6D0A7-7330-404C-8A10-39A8A7BD4D18.pdf"},"width":1024,"height":768},"561F513BF0152A2A4E96BC77EF1F5485":{"type":"texture","index":1,"assetRequest":{"type":"slide","state":"contents","slide":"none"},"url":{"native":"assets/68E6D0A7-7330-404C-8A10-39A8A7BD4D18.pdf"},"width":1024,"height":768}},"events":[{"effects":[{"beginTime":0,"baseLayer":{"animations":[],"initialState":{"affineTransform":[1,0,0,1,0,0],"masksToBounds":false,"rotation":0,"scale":1,"position":{"pointX":512,"pointY":384},"width":1024,"sublayerTransform":[1,0,0,0,0,1,0,0,0,0,1,0,0,0,0,1],"contentsRect":{"y":0,"x":0,"width":1,"height":1},"opacity":1,"edgeAntialiasingMask":251658240,"height":768,"hidden":false,"anchorPoint":{"pointX":0.5,"pointY":0.5}},"objectID":"0","layers":[{"animations":[],"initialState":{"affineTransform":[1,0,0,1,0,0],"masksToBounds":false,"rotation":0,"scale":1,"position":{"pointX":512,"pointY":384},"width":1024,"sublayerTransform":[1,0,0,0,0,1,0,0,0,0,1,-0.0004922987690640373,0,0,0,1],"contentsRect":{"y":0,"x":0,"width":1,"height":1},"opacity":1,"edgeAntialiasingMask":251658240,"height":768,"hidden":false,"anchorPoint":{"pointX":0.5,"pointY":0.5}},"layers":[{"animations":[],"layers":[],"texturedRectangle":{"isBackgroundTexture":false,"singleTextureOpacity":1,"textureType":0,"textBaseline":0,"textXHeight":0,"isVerticalText":false},"initialState":{"affineTransform":[1,0,0,1,0,0],"masksToBounds":false,"rotation":0,"scale":1,"position":{"pointX":512,"pointY":384},"width":1024,"sublayerTransform":[1,0,0,0,0,1,0,0,0,0,1,0,0,0,0,1],"contentsRect":{"y":0,"x":0,"width":1,"height":1},"opacity":1,"edgeAntialiasingMask":0,"height":768,"hidden":false,"anchorPoint":{"pointX":0.5,"pointY":0.5}},"texture":"561F513BF0152A2A4E96BC77EF1F5485"},{"animations":[{"timeOffset":0,"from":{"scalar":false},"beginTime":0,"repeatCount":0,"fillMode":"both","property":"hidden","autoreverses":false,"duration":0.01,"to":{"scalar":true}}],"layers":[],"texturedRectangle":{"isBackgroundTexture":false,"singleTextureOpacity":1,"textureType":0,"textBaseline":0,"textXHeight":0,"isVerticalText":false},"initialState":{"affineTransform":[1,0,0,1,0,0],"masksToBounds":false,"rotation":0,"scale":1,"position":{"pointX":512,"pointY":384},"width":1024,"sublayerTransform":[1,0,0,0,0,1,0,0,0,0,1,0,0,0,0,1],"contentsRect":{"y":0,"x":0,"width":1,"height":1},"opacity":1,"edgeAntialiasingMask":0,"height":768,"hidden":false,"anchorPoint":{"pointX":0.5,"pointY":0.5}},"texture":"A331C67D5283378380D0BA68377FB0D0"}]}]},"effects":[],"duration":0.01,"type":"transition","name":"none","objectID":"0"}],"automaticPlay":false,"hyperlinks":[],"accessibility":[{"text":"LED an Digital Out.png","targetRectangle":{"y":399.9302062988281,"x":517.301025390625,"width":487.1880187988281,"height":295.7030334472656}},{"text":"Versorgungsspannung    Vcc","targetRectangle":{"y":203.9999856948853,"x":54,"width":390.1499999999999,"height":43.20000171661377}},{"text":"Betriebsspannung LED   VF","targetRectangle":{"y":247.199987411499,"x":54,"width":366.2300003314018,"height":43.20000196337242}},{"text":"Betriebsstrom LED           IF","targetRectangle":{"y":290.3999893748714,"x":54,"width":362.3600003314019,"height":43.20000196337242}},{"text":"Vorwiderstand LED          RV","targetRectangle":{"y":333.5999913382439,"x":54,"width":372.3400003641844,"height":43.20000196337242}},{"text":"RV = (Vcc - VF) / IF","targetRectangle":{"y":376.7999933016163,"x":54,"width":240.980001026988,"height":43.20000196337242}},{"text":"5V - 2,4V / 0,020A = 130 Ohm","targetRectangle":{"y":419.9999952649887,"x":54,"width":401.67,"height":43.20000171661377}},{"text":"Empfehlung: LED mit < 1/2 IF betreiben","targetRectangle":{"y":463.1999969816025,"x":54,"width":525.5300003314017,"height":43.20000196337242}},{"text":"Stromverbrauch","targetRectangle":{"y":506.3999989449749,"x":95.99999928474426,"width":214.5,"height":43.20000171661377}},{"text":"Lebensdauer","targetRectangle":{"y":549.6000006615886,"x":95.99999928474426,"width":178.41,"height":43.20000171661377}},{"text":"Helligkeit","targetRectangle":{"y":592.8000023782024,"x":95.99999928474426,"width":123.33,"height":43.20000171661377}},{"text":"Wärme","targetRectangle":{"y":636.0000040948162,"x":95.99999928474426,"width":94.71000000000001,"height":43.20000171661377}},{"text":"Hinweis: Imax pro GPIO beträgt 20mA","targetRectangle":{"y":679.2000058114299,"x":54,"width":499.6042591041328,"height":43.20055127980049}},{"text":"￼","targetRectangle":{"y":732.5,"x":506.4959999024868,"width":10.00800000000004,"height":22}},{"text":"LED","targetRectangle":{"y":20.425622433424,"x":436.4399847412109,"width":151.1199999999999,"height":96}},{"text":"LED.jpeg","targetRectangle":{"y":184.3448333740234,"x":704.5426635742188,"width":257.4707946777344,"height":213.1217651367188}}],"baseLayer":{"animations":[],"initialState":{"affineTransform":[1,0,0,1,0,0],"masksToBounds":false,"rotation":0,"scale":1,"position":{"pointX":512,"pointY":384},"width":1024,"sublayerTransform":[1,0,0,0,0,1,0,0,0,0,1,0,0,0,0,1],"contentsRect":{"y":0,"x":0,"width":1,"height":1},"opacity":1,"edgeAntialiasingMask":251658240,"height":768,"hidden":false,"anchorPoint":{"pointX":0.5,"pointY":0.5}},"objectID":"0","layers":[{"animations":[],"initialState":{"affineTransform":[1,0,0,1,0,0],"masksToBounds":false,"rotation":0,"scale":1,"position":{"pointX":512,"pointY":384},"width":1024,"sublayerTransform":[1,0,0,0,0,1,0,0,0,0,1,-0.0004922987690640373,0,0,0,1],"contentsRect":{"y":0,"x":0,"width":1,"height":1},"opacity":1,"edgeAntialiasingMask":251658240,"height":768,"hidden":false,"anchorPoint":{"pointX":0.5,"pointY":0.5}},"layers":[{"animations":[],"layers":[],"texturedRectangle":{"isBackgroundTexture":false,"singleTextureOpacity":1,"textureType":0,"textBaseline":0,"textXHeight":0,"isVerticalText":false},"initialState":{"affineTransform":[1,0,0,1,0,0],"masksToBounds":false,"rotation":0,"scale":1,"position":{"pointX":512,"pointY":384},"width":1024,"sublayerTransform":[1,0,0,0,0,1,0,0,0,0,1,0,0,0,0,1],"contentsRect":{"y":0,"x":0,"width":1,"height":1},"opacity":1,"edgeAntialiasingMask":0,"height":768,"hidden":false,"anchorPoint":{"pointX":0.5,"pointY":0.5}},"texture":"A331C67D5283378380D0BA68377FB0D0"}]}]}}]}