{"assets":{"3C200515B61ACD3F188188932090CE66":{"type":"texture","index":0,"assetRequest":{"type":"slide","state":"contents","slide":"none"},"url":{"native":"assets/33485DE0-F527-4163-8B0F-476288351436.pdf"},"width":1024,"height":768},"F9791DFC50CDD66C648FCB3D4397B029":{"type":"texture","index":1,"assetRequest":{"type":"slide","state":"contents","slide":"none"},"url":{"native":"assets/33485DE0-F527-4163-8B0F-476288351436.pdf"},"width":1024,"height":768}},"events":[{"effects":[{"beginTime":0,"baseLayer":{"animations":[],"initialState":{"affineTransform":[1,0,0,1,0,0],"masksToBounds":false,"rotation":0,"scale":1,"position":{"pointX":512,"pointY":384},"width":1024,"sublayerTransform":[1,0,0,0,0,1,0,0,0,0,1,0,0,0,0,1],"contentsRect":{"y":0,"x":0,"width":1,"height":1},"opacity":1,"edgeAntialiasingMask":251658240,"height":768,"hidden":false,"anchorPoint":{"pointX":0.5,"pointY":0.5}},"objectID":"0","layers":[{"animations":[],"initialState":{"affineTransform":[1,0,0,1,0,0],"masksToBounds":false,"rotation":0,"scale":1,"position":{"pointX":512,"pointY":384},"width":1024,"sublayerTransform":[1,0,0,0,0,1,0,0,0,0,1,-0.0004922987690640373,0,0,0,1],"contentsRect":{"y":0,"x":0,"width":1,"height":1},"opacity":1,"edgeAntialiasingMask":251658240,"height":768,"hidden":false,"anchorPoint":{"pointX":0.5,"pointY":0.5}},"layers":[{"animations":[],"layers":[],"texturedRectangle":{"isBackgroundTexture":false,"singleTextureOpacity":1,"textureType":0,"textBaseline":0,"textXHeight":0,"isVerticalText":false},"initialState":{"affineTransform":[1,0,0,1,0,0],"masksToBounds":false,"rotation":0,"scale":1,"position":{"pointX":512,"pointY":384},"width":1024,"sublayerTransform":[1,0,0,0,0,1,0,0,0,0,1,0,0,0,0,1],"contentsRect":{"y":0,"x":0,"width":1,"height":1},"opacity":1,"edgeAntialiasingMask":0,"height":768,"hidden":false,"anchorPoint":{"pointX":0.5,"pointY":0.5}},"texture":"F9791DFC50CDD66C648FCB3D4397B029"},{"animations":[{"timeOffset":0,"from":{"scalar":false},"beginTime":0,"repeatCount":0,"fillMode":"both","property":"hidden","autoreverses":false,"duration":0.01,"to":{"scalar":true}}],"layers":[],"texturedRectangle":{"isBackgroundTexture":false,"singleTextureOpacity":1,"textureType":0,"textBaseline":0,"textXHeight":0,"isVerticalText":false},"initialState":{"affineTransform":[1,0,0,1,0,0],"masksToBounds":false,"rotation":0,"scale":1,"position":{"pointX":512,"pointY":384},"width":1024,"sublayerTransform":[1,0,0,0,0,1,0,0,0,0,1,0,0,0,0,1],"contentsRect":{"y":0,"x":0,"width":1,"height":1},"opacity":1,"edgeAntialiasingMask":0,"height":768,"hidden":false,"anchorPoint":{"pointX":0.5,"pointY":0.5}},"texture":"3C200515B61ACD3F188188932090CE66"}]}]},"effects":[],"duration":0.01,"type":"transition","name":"none","objectID":"0"}],"automaticPlay":false,"hyperlinks":[{"url":"http://5volt-junkie.net/motortreiber-drv8835-ansteuerung-mit-arduino/","targetRectangle":{"y":419.9999971389771,"x":95.99999868869781,"width":316.8249999999999,"height":36.00000143051147}},{"url":"http://rn-wissen.de/wiki/index.php?title=Getriebemotoren_Ansteuerung","targetRectangle":{"y":492,"x":244.6499986886978,"width":258.4250000000001,"height":36.00000143051147}}],"accessibility":[{"text":"DRV8838.jpeg","targetRectangle":{"y":542.8858032226562,"x":29.52249145507812,"width":487.1483154296875,"height":198.9188995361328}},{"text":"Motortreiber","targetRectangle":{"y":20.425622433424,"x":294.1999847412109,"width":435.6,"height":96}},{"text":"Eine Drehrichtung/Drehzahl mit MOS-FET oder Relais","targetRectangle":{"y":203.9999885559082,"x":95.99999868869781,"width":595.0749999999996,"height":36.00000143051147}},{"text":"Bei Motortreibern auf ausreichende Kühlung achten","targetRectangle":{"y":239.9999899864197,"x":95.99999868869781,"width":578.0499999999997,"height":36.00000143051147}},{"text":"2 Motoren DRV8835, bis zu 1,5A/Kanal","targetRectangle":{"y":275.9999914169312,"x":95.99999868869781,"width":434.0249999999999,"height":36.00000143051147}},{"text":"1 Motor     DRV8838, bis zu 1,8A/Kanal","targetRectangle":{"y":311.9999928474426,"x":95.99999868869781,"width":434.4749999999999,"height":36.00000143051147}},{"text":"PWM-Pins Arduino: 3, 5, 6, 9, 10, 11","targetRectangle":{"y":347.9999942779541,"x":95.99999868869781,"width":402.4999999999998,"height":36.00000143051147}},{"text":"Alternative Treiber: L293D, L298, TB6612FNG","targetRectangle":{"y":383.9999957084656,"x":95.99999868869781,"width":510.4499999999998,"height":36.00000143051147}},{"text":"Kleines Tutorial für DRV8835","targetRectangle":{"y":419.9999971389771,"x":95.99999868869781,"width":316.8249999999999,"height":36.00000143051147}},{"text":"Erzeugung PWM: analogWrite() (Arduino IDE)","targetRectangle":{"y":455.9999985694885,"x":95.99999868869781,"width":508.8999999999999,"height":36.00000143051147}},{"text":"Empfehlung: Wiki auf roboternetz.de","targetRectangle":{"y":492,"x":95.99999868869781,"width":407.075,"height":36.00000143051147}},{"text":"￼","targetRectangle":{"y":732.5,"x":501.4919999837875,"width":20.01599999999996,"height":22}},{"text":"DRV8835.png","targetRectangle":{"y":546.8858032226562,"x":576.5885009765625,"width":420.2511596679688,"height":198.9188995361328}}],"baseLayer":{"animations":[],"initialState":{"affineTransform":[1,0,0,1,0,0],"masksToBounds":false,"rotation":0,"scale":1,"position":{"pointX":512,"pointY":384},"width":1024,"sublayerTransform":[1,0,0,0,0,1,0,0,0,0,1,0,0,0,0,1],"contentsRect":{"y":0,"x":0,"width":1,"height":1},"opacity":1,"edgeAntialiasingMask":251658240,"height":768,"hidden":false,"anchorPoint":{"pointX":0.5,"pointY":0.5}},"objectID":"0","layers":[{"animations":[],"initialState":{"affineTransform":[1,0,0,1,0,0],"masksToBounds":false,"rotation":0,"scale":1,"position":{"pointX":512,"pointY":384},"width":1024,"sublayerTransform":[1,0,0,0,0,1,0,0,0,0,1,-0.0004922987690640373,0,0,0,1],"contentsRect":{"y":0,"x":0,"width":1,"height":1},"opacity":1,"edgeAntialiasingMask":251658240,"height":768,"hidden":false,"anchorPoint":{"pointX":0.5,"pointY":0.5}},"layers":[{"animations":[],"layers":[],"texturedRectangle":{"isBackgroundTexture":false,"singleTextureOpacity":1,"textureType":0,"textBaseline":0,"textXHeight":0,"isVerticalText":false},"initialState":{"affineTransform":[1,0,0,1,0,0],"masksToBounds":false,"rotation":0,"scale":1,"position":{"pointX":512,"pointY":384},"width":1024,"sublayerTransform":[1,0,0,0,0,1,0,0,0,0,1,0,0,0,0,1],"contentsRect":{"y":0,"x":0,"width":1,"height":1},"opacity":1,"edgeAntialiasingMask":0,"height":768,"hidden":false,"anchorPoint":{"pointX":0.5,"pointY":0.5}},"texture":"3C200515B61ACD3F188188932090CE66"}]}]}}]}