{"assets":{"1711849287C6E7943D0B2B2EBE8C873C":{"type":"texture","index":1,"assetRequest":{"type":"slide","state":"contents","slide":"none"},"url":{"native":"assets/808018E4-33D4-409F-851A-79C4A17A6D5E.pdf"},"width":1024,"height":768},"CFB18CC27947DBB9AE367B3AB3B27524":{"type":"texture","index":0,"assetRequest":{"type":"slide","state":"contents","slide":"none"},"url":{"native":"assets/808018E4-33D4-409F-851A-79C4A17A6D5E.pdf"},"width":1024,"height":768}},"events":[{"effects":[{"beginTime":0,"baseLayer":{"animations":[],"initialState":{"affineTransform":[1,0,0,1,0,0],"masksToBounds":false,"rotation":0,"scale":1,"position":{"pointX":512,"pointY":384},"width":1024,"sublayerTransform":[1,0,0,0,0,1,0,0,0,0,1,0,0,0,0,1],"contentsRect":{"y":0,"x":0,"width":1,"height":1},"opacity":1,"edgeAntialiasingMask":251658240,"height":768,"hidden":false,"anchorPoint":{"pointX":0.5,"pointY":0.5}},"objectID":"0","layers":[{"animations":[],"initialState":{"affineTransform":[1,0,0,1,0,0],"masksToBounds":false,"rotation":0,"scale":1,"position":{"pointX":512,"pointY":384},"width":1024,"sublayerTransform":[1,0,0,0,0,1,0,0,0,0,1,-0.0004922987690640373,0,0,0,1],"contentsRect":{"y":0,"x":0,"width":1,"height":1},"opacity":1,"edgeAntialiasingMask":251658240,"height":768,"hidden":false,"anchorPoint":{"pointX":0.5,"pointY":0.5}},"layers":[{"animations":[],"layers":[],"texturedRectangle":{"isBackgroundTexture":false,"singleTextureOpacity":1,"textureType":0,"textBaseline":0,"textXHeight":0,"isVerticalText":false},"initialState":{"affineTransform":[1,0,0,1,0,0],"masksToBounds":false,"rotation":0,"scale":1,"position":{"pointX":512,"pointY":384},"width":1024,"sublayerTransform":[1,0,0,0,0,1,0,0,0,0,1,0,0,0,0,1],"contentsRect":{"y":0,"x":0,"width":1,"height":1},"opacity":1,"edgeAntialiasingMask":0,"height":768,"hidden":false,"anchorPoint":{"pointX":0.5,"pointY":0.5}},"texture":"1711849287C6E7943D0B2B2EBE8C873C"},{"animations":[{"timeOffset":0,"from":{"scalar":false},"beginTime":0,"repeatCount":0,"fillMode":"both","property":"hidden","autoreverses":false,"duration":0.01,"to":{"scalar":true}}],"layers":[],"texturedRectangle":{"isBackgroundTexture":false,"singleTextureOpacity":1,"textureType":0,"textBaseline":0,"textXHeight":0,"isVerticalText":false},"initialState":{"affineTransform":[1,0,0,1,0,0],"masksToBounds":false,"rotation":0,"scale":1,"position":{"pointX":512,"pointY":384},"width":1024,"sublayerTransform":[1,0,0,0,0,1,0,0,0,0,1,0,0,0,0,1],"contentsRect":{"y":0,"x":0,"width":1,"height":1},"opacity":1,"edgeAntialiasingMask":0,"height":768,"hidden":false,"anchorPoint":{"pointX":0.5,"pointY":0.5}},"texture":"CFB18CC27947DBB9AE367B3AB3B27524"}]}]},"effects":[],"duration":0.01,"type":"transition","name":"none","objectID":"0"}],"automaticPlay":false,"hyperlinks":[],"accessibility":[{"text":"Dout","targetRectangle":{"y":518.4500126838684,"x":758.5503461360931,"width":76.03200000000004,"height":43}},{"text":"GPIO","targetRectangle":{"y":518.4500126838684,"x":42.85447895526886,"width":88.01999999999998,"height":43}},{"text":"WS2812","targetRectangle":{"y":553.4500125646591,"x":659.9824118614197,"width":74.48000000000002,"height":24}},{"text":"GND","targetRectangle":{"y":667.7055668830872,"x":327.5449547767639,"width":79.99199999999996,"height":43}},{"text":" ","targetRectangle":{"y":285.6164848804474,"x":216,"width":3,"height":14}},{"text":"Dout","targetRectangle":{"y":518.4500126838684,"x":429.6575849056244,"width":76.03199999999998,"height":43}},{"text":"Usw","targetRectangle":{"y":522.4500123262405,"x":925.3748214759827,"width":69.98400000000004,"height":43}},{"text":"…","targetRectangle":{"y":565.4500123262405,"x":942.3668214759826,"width":36,"height":43}},{"text":"Vcc","targetRectangle":{"y":420.1944279670715,"x":665.4197157621384,"width":62.02800000000002,"height":43}},{"text":"WS2812 LED","targetRectangle":{"y":20.425622433424,"x":276.3599847412109,"width":471.2800000000001,"height":96}},{"text":"WS2812 LED.png","targetRectangle":{"y":71.79700469970703,"x":793.5078125,"width":180.3658905029297,"height":194.4645690917969}},{"text":"Din","targetRectangle":{"y":518.4500126838684,"x":251.4243166446686,"width":54,"height":43}},{"text":"Din","targetRectangle":{"y":518.4500126838684,"x":580.3170778751373,"width":54,"height":43}},{"text":"Vcc","targetRectangle":{"y":420.1943974494934,"x":336.5269545316696,"width":62.02800000000002,"height":43}},{"text":"WS2812","targetRectangle":{"y":554.5713504552841,"x":330.3009543418884,"width":74.48000000000002,"height":24}},{"text":"￼","targetRectangle":{"y":732.5,"x":501.4919999837875,"width":20.01599999999996,"height":22}},{"text":"Mehrere RGB LEDs mit nur einem Arduino-Pin","targetRectangle":{"y":203.9999947547913,"x":88.9999988079071,"width":616.8599999999997,"height":43.20000171661377}},{"text":"Treiber in jeder LED bereits integriert","targetRectangle":{"y":247.199996471405,"x":88.9999988079071,"width":491.79,"height":43.20000171661377}},{"text":"Einzelne LEDs, Ketten, Streifen, Steckmodule, Ringe, Matrix","targetRectangle":{"y":290.3999981880188,"x":88.9999988079071,"width":799.7399999999997,"height":43.20000171661377}},{"text":"Vcc = 5V","targetRectangle":{"y":333.5999999046326,"x":88.9999988079071,"width":123.18,"height":43.20000171661377}},{"text":"Stromaufnahme = 60mA","targetRectangle":{"y":376.8000016212463,"x":88.9999988079071,"width":326.04,"height":43.20000171661377}},{"text":"GND","targetRectangle":{"y":667.7055668830872,"x":656.4377160072327,"width":79.99199999999996,"height":43}}],"baseLayer":{"animations":[],"initialState":{"affineTransform":[1,0,0,1,0,0],"masksToBounds":false,"rotation":0,"scale":1,"position":{"pointX":512,"pointY":384},"width":1024,"sublayerTransform":[1,0,0,0,0,1,0,0,0,0,1,0,0,0,0,1],"contentsRect":{"y":0,"x":0,"width":1,"height":1},"opacity":1,"edgeAntialiasingMask":251658240,"height":768,"hidden":false,"anchorPoint":{"pointX":0.5,"pointY":0.5}},"objectID":"0","layers":[{"animations":[],"initialState":{"affineTransform":[1,0,0,1,0,0],"masksToBounds":false,"rotation":0,"scale":1,"position":{"pointX":512,"pointY":384},"width":1024,"sublayerTransform":[1,0,0,0,0,1,0,0,0,0,1,-0.0004922987690640373,0,0,0,1],"contentsRect":{"y":0,"x":0,"width":1,"height":1},"opacity":1,"edgeAntialiasingMask":251658240,"height":768,"hidden":false,"anchorPoint":{"pointX":0.5,"pointY":0.5}},"layers":[{"animations":[],"layers":[],"texturedRectangle":{"isBackgroundTexture":false,"singleTextureOpacity":1,"textureType":0,"textBaseline":0,"textXHeight":0,"isVerticalText":false},"initialState":{"affineTransform":[1,0,0,1,0,0],"masksToBounds":false,"rotation":0,"scale":1,"position":{"pointX":512,"pointY":384},"width":1024,"sublayerTransform":[1,0,0,0,0,1,0,0,0,0,1,0,0,0,0,1],"contentsRect":{"y":0,"x":0,"width":1,"height":1},"opacity":1,"edgeAntialiasingMask":0,"height":768,"hidden":false,"anchorPoint":{"pointX":0.5,"pointY":0.5}},"texture":"CFB18CC27947DBB9AE367B3AB3B27524"}]}]}}]}