{"assets":{"034E0DBDB155670AE7D727A3391CFD7D":{"type":"texture","index":1,"assetRequest":{"type":"slide","state":"contents","slide":"none"},"url":{"native":"assets/6A26491A-294D-44B7-9E26-621862C7A82C.pdf"},"width":1024,"height":768},"8B2135DB1351B4F40B8A8D7681DF6547":{"type":"texture","index":0,"assetRequest":{"type":"slide","state":"contents","slide":"none"},"url":{"native":"assets/6A26491A-294D-44B7-9E26-621862C7A82C.pdf"},"width":1024,"height":768}},"events":[{"effects":[{"beginTime":0,"baseLayer":{"animations":[],"initialState":{"affineTransform":[1,0,0,1,0,0],"masksToBounds":false,"rotation":0,"scale":1,"position":{"pointX":512,"pointY":384},"width":1024,"sublayerTransform":[1,0,0,0,0,1,0,0,0,0,1,0,0,0,0,1],"contentsRect":{"y":0,"x":0,"width":1,"height":1},"opacity":1,"edgeAntialiasingMask":251658240,"height":768,"hidden":false,"anchorPoint":{"pointX":0.5,"pointY":0.5}},"objectID":"0","layers":[{"animations":[],"initialState":{"affineTransform":[1,0,0,1,0,0],"masksToBounds":false,"rotation":0,"scale":1,"position":{"pointX":512,"pointY":384},"width":1024,"sublayerTransform":[1,0,0,0,0,1,0,0,0,0,1,-0.0004922987690640373,0,0,0,1],"contentsRect":{"y":0,"x":0,"width":1,"height":1},"opacity":1,"edgeAntialiasingMask":251658240,"height":768,"hidden":false,"anchorPoint":{"pointX":0.5,"pointY":0.5}},"layers":[{"animations":[],"layers":[],"texturedRectangle":{"isBackgroundTexture":false,"singleTextureOpacity":1,"textureType":0,"textBaseline":0,"textXHeight":0,"isVerticalText":false},"initialState":{"affineTransform":[1,0,0,1,0,0],"masksToBounds":false,"rotation":0,"scale":1,"position":{"pointX":512,"pointY":384},"width":1024,"sublayerTransform":[1,0,0,0,0,1,0,0,0,0,1,0,0,0,0,1],"contentsRect":{"y":0,"x":0,"width":1,"height":1},"opacity":1,"edgeAntialiasingMask":0,"height":768,"hidden":false,"anchorPoint":{"pointX":0.5,"pointY":0.5}},"texture":"034E0DBDB155670AE7D727A3391CFD7D"},{"animations":[{"timeOffset":0,"from":{"scalar":false},"beginTime":0,"repeatCount":0,"fillMode":"both","property":"hidden","autoreverses":false,"duration":0.01,"to":{"scalar":true}}],"layers":[],"texturedRectangle":{"isBackgroundTexture":false,"singleTextureOpacity":1,"textureType":0,"textBaseline":0,"textXHeight":0,"isVerticalText":false},"initialState":{"affineTransform":[1,0,0,1,0,0],"masksToBounds":false,"rotation":0,"scale":1,"position":{"pointX":512,"pointY":384},"width":1024,"sublayerTransform":[1,0,0,0,0,1,0,0,0,0,1,0,0,0,0,1],"contentsRect":{"y":0,"x":0,"width":1,"height":1},"opacity":1,"edgeAntialiasingMask":0,"height":768,"hidden":false,"anchorPoint":{"pointX":0.5,"pointY":0.5}},"texture":"8B2135DB1351B4F40B8A8D7681DF6547"}]}]},"effects":[],"duration":0.01,"type":"transition","name":"none","objectID":"0"}],"automaticPlay":false,"hyperlinks":[],"accessibility":[{"text":"Vcc (+)","targetRectangle":{"y":702.5305787324905,"x":356.3487253189087,"width":99.81,"height":36}},{"text":"￼","targetRectangle":{"y":732.5,"x":501.4919999837875,"width":20.01599999999996,"height":22}},{"text":"Servo_UNO_Ext.png","targetRectangle":{"y":336.8453674316406,"x":526.6529541015625,"width":435.9596862792969,"height":411.6625671386719}},{"text":"Servos","targetRectangle":{"y":20.425622433424,"x":389.7599847412109,"width":244.48,"height":96}},{"text":"GND (-)","targetRectangle":{"y":628.7520142793655,"x":353.7687203884125,"width":104.97,"height":36}},{"text":"Signal","targetRectangle":{"y":399.1747742891312,"x":375.8432759046555,"width":83.33999999999997,"height":36}},{"text":"Anschluss","targetRectangle":{"y":203.9999847412109,"x":55.77499008178711,"width":151.7138671875,"height":43.20000171661377}},{"text":"An Vcc vom Arduino nur kleine Servos bzw. nur zum Testen","targetRectangle":{"y":247.1999864578247,"x":90.77498888969421,"width":794.76,"height":43.20000171661377}},{"text":"Am besten eine separate Stromquelle nutzen (Netzteil, Batterien)","targetRectangle":{"y":290.3999881744385,"x":90.77498888969421,"width":868.1099999999997,"height":43.20000171661377}},{"text":"Signal an PWM-Pin vom Arduino","targetRectangle":{"y":333.5999898910522,"x":90.77498888969421,"width":432.87,"height":43.20000171661377}},{"text":"Servo am Arduino.png","targetRectangle":{"y":367.3855895996094,"x":27.58483123779297,"width":514.0628051757812,"height":350.5821228027344}},{"text":" ","targetRectangle":{"y":285.6164848804474,"x":216,"width":3,"height":14}}],"baseLayer":{"animations":[],"initialState":{"affineTransform":[1,0,0,1,0,0],"masksToBounds":false,"rotation":0,"scale":1,"position":{"pointX":512,"pointY":384},"width":1024,"sublayerTransform":[1,0,0,0,0,1,0,0,0,0,1,0,0,0,0,1],"contentsRect":{"y":0,"x":0,"width":1,"height":1},"opacity":1,"edgeAntialiasingMask":251658240,"height":768,"hidden":false,"anchorPoint":{"pointX":0.5,"pointY":0.5}},"objectID":"0","layers":[{"animations":[],"initialState":{"affineTransform":[1,0,0,1,0,0],"masksToBounds":false,"rotation":0,"scale":1,"position":{"pointX":512,"pointY":384},"width":1024,"sublayerTransform":[1,0,0,0,0,1,0,0,0,0,1,-0.0004922987690640373,0,0,0,1],"contentsRect":{"y":0,"x":0,"width":1,"height":1},"opacity":1,"edgeAntialiasingMask":251658240,"height":768,"hidden":false,"anchorPoint":{"pointX":0.5,"pointY":0.5}},"layers":[{"animations":[],"layers":[],"texturedRectangle":{"isBackgroundTexture":false,"singleTextureOpacity":1,"textureType":0,"textBaseline":0,"textXHeight":0,"isVerticalText":false},"initialState":{"affineTransform":[1,0,0,1,0,0],"masksToBounds":false,"rotation":0,"scale":1,"position":{"pointX":512,"pointY":384},"width":1024,"sublayerTransform":[1,0,0,0,0,1,0,0,0,0,1,0,0,0,0,1],"contentsRect":{"y":0,"x":0,"width":1,"height":1},"opacity":1,"edgeAntialiasingMask":0,"height":768,"hidden":false,"anchorPoint":{"pointX":0.5,"pointY":0.5}},"texture":"8B2135DB1351B4F40B8A8D7681DF6547"}]}]}}]}