{"assets":{"F0BCBBB7C5076ADACA3966405C5C27C0":{"type":"texture","index":0,"assetRequest":{"type":"slide","state":"contents","slide":"none"},"url":{"native":"assets/0E9D1432-FA0F-4963-9E79-615436565AE2.pdf"},"width":1024,"height":768},"EBBC92B4879B60A90A1C089E0165B168":{"type":"texture","index":1,"assetRequest":{"type":"slide","state":"contents","slide":"none"},"url":{"native":"assets/0E9D1432-FA0F-4963-9E79-615436565AE2.pdf"},"width":1024,"height":768}},"events":[{"effects":[{"beginTime":0,"baseLayer":{"animations":[],"initialState":{"affineTransform":[1,0,0,1,0,0],"masksToBounds":false,"rotation":0,"scale":1,"position":{"pointX":512,"pointY":384},"width":1024,"sublayerTransform":[1,0,0,0,0,1,0,0,0,0,1,0,0,0,0,1],"contentsRect":{"y":0,"x":0,"width":1,"height":1},"opacity":1,"edgeAntialiasingMask":251658240,"height":768,"hidden":false,"anchorPoint":{"pointX":0.5,"pointY":0.5}},"objectID":"0","layers":[{"animations":[],"initialState":{"affineTransform":[1,0,0,1,0,0],"masksToBounds":false,"rotation":0,"scale":1,"position":{"pointX":512,"pointY":384},"width":1024,"sublayerTransform":[1,0,0,0,0,1,0,0,0,0,1,-0.0004922987690640373,0,0,0,1],"contentsRect":{"y":0,"x":0,"width":1,"height":1},"opacity":1,"edgeAntialiasingMask":251658240,"height":768,"hidden":false,"anchorPoint":{"pointX":0.5,"pointY":0.5}},"layers":[{"animations":[],"layers":[],"texturedRectangle":{"isBackgroundTexture":false,"singleTextureOpacity":1,"textureType":0,"textBaseline":0,"textXHeight":0,"isVerticalText":false},"initialState":{"affineTransform":[1,0,0,1,0,0],"masksToBounds":false,"rotation":0,"scale":1,"position":{"pointX":512,"pointY":384},"width":1024,"sublayerTransform":[1,0,0,0,0,1,0,0,0,0,1,0,0,0,0,1],"contentsRect":{"y":0,"x":0,"width":1,"height":1},"opacity":1,"edgeAntialiasingMask":0,"height":768,"hidden":false,"anchorPoint":{"pointX":0.5,"pointY":0.5}},"texture":"EBBC92B4879B60A90A1C089E0165B168"},{"animations":[{"timeOffset":0,"from":{"scalar":false},"beginTime":0,"repeatCount":0,"fillMode":"both","property":"hidden","autoreverses":false,"duration":0.01,"to":{"scalar":true}}],"layers":[],"texturedRectangle":{"isBackgroundTexture":false,"singleTextureOpacity":1,"textureType":0,"textBaseline":0,"textXHeight":0,"isVerticalText":false},"initialState":{"affineTransform":[1,0,0,1,0,0],"masksToBounds":false,"rotation":0,"scale":1,"position":{"pointX":512,"pointY":384},"width":1024,"sublayerTransform":[1,0,0,0,0,1,0,0,0,0,1,0,0,0,0,1],"contentsRect":{"y":0,"x":0,"width":1,"height":1},"opacity":1,"edgeAntialiasingMask":0,"height":768,"hidden":false,"anchorPoint":{"pointX":0.5,"pointY":0.5}},"texture":"F0BCBBB7C5076ADACA3966405C5C27C0"}]}]},"effects":[],"duration":0.01,"type":"transition","name":"none","objectID":"0"}],"automaticPlay":false,"hyperlinks":[{"url":"http://www.arduino-tutorial.de/lcd/","targetRectangle":{"y":463.2000112533569,"x":88.9999988079071,"width":111.72,"height":43.20000171661377}},{"url":"https://www.arduino.cc/en/Tutorial/HelloWorld","targetRectangle":{"y":506.4000129699707,"x":88.9999988079071,"width":115.02,"height":43.20000171661377}}],"accessibility":[{"text":"LCD162A_02.jpeg","targetRectangle":{"y":416.5490112304688,"x":362,"width":300,"height":300}},{"text":"Für einfache Textanzeige","targetRectangle":{"y":204.0000009536743,"x":88.9999988079071,"width":335.1900000000001,"height":43.20000171661377}},{"text":"2 Zeilen x 16 Zeichen","targetRectangle":{"y":247.2000026702881,"x":88.9999988079071,"width":288.48,"height":43.20000171661377}},{"text":"Alternativ 2 / 4 Zeilen x 16 / 20 Zeichen","targetRectangle":{"y":290.4000043869019,"x":88.9999988079071,"width":522.4799999999999,"height":43.20000171661377}},{"text":"Hintergrundbeleuchtung","targetRectangle":{"y":333.6000061035156,"x":88.9999988079071,"width":328.4399999999999,"height":43.20000171661377}},{"text":"Einstellbarer Kontrast","targetRectangle":{"y":376.8000078201294,"x":88.9999988079071,"width":286.2,"height":43.20000171661377}},{"text":"Arduino Tutorial ","targetRectangle":{"y":420.0000095367432,"x":88.9999988079071,"width":216.78,"height":43.20000171661377}},{"text":"Deutsch","targetRectangle":{"y":463.2000112533569,"x":88.9999988079071,"width":111.72,"height":43.20000171661377}},{"text":"Englisch","targetRectangle":{"y":506.4000129699707,"x":88.9999988079071,"width":115.02,"height":43.20000171661377}},{"text":"LCD","targetRectangle":{"y":20.425622433424,"x":431.9999847412109,"width":160,"height":96}},{"text":"￼","targetRectangle":{"y":732.5,"x":501.4919999837875,"width":20.01599999999996,"height":22}},{"text":" ","targetRectangle":{"y":285.6164848804474,"x":216,"width":3,"height":14}}],"baseLayer":{"animations":[],"initialState":{"affineTransform":[1,0,0,1,0,0],"masksToBounds":false,"rotation":0,"scale":1,"position":{"pointX":512,"pointY":384},"width":1024,"sublayerTransform":[1,0,0,0,0,1,0,0,0,0,1,0,0,0,0,1],"contentsRect":{"y":0,"x":0,"width":1,"height":1},"opacity":1,"edgeAntialiasingMask":251658240,"height":768,"hidden":false,"anchorPoint":{"pointX":0.5,"pointY":0.5}},"objectID":"0","layers":[{"animations":[],"initialState":{"affineTransform":[1,0,0,1,0,0],"masksToBounds":false,"rotation":0,"scale":1,"position":{"pointX":512,"pointY":384},"width":1024,"sublayerTransform":[1,0,0,0,0,1,0,0,0,0,1,-0.0004922987690640373,0,0,0,1],"contentsRect":{"y":0,"x":0,"width":1,"height":1},"opacity":1,"edgeAntialiasingMask":251658240,"height":768,"hidden":false,"anchorPoint":{"pointX":0.5,"pointY":0.5}},"layers":[{"animations":[],"layers":[],"texturedRectangle":{"isBackgroundTexture":false,"singleTextureOpacity":1,"textureType":0,"textBaseline":0,"textXHeight":0,"isVerticalText":false},"initialState":{"affineTransform":[1,0,0,1,0,0],"masksToBounds":false,"rotation":0,"scale":1,"position":{"pointX":512,"pointY":384},"width":1024,"sublayerTransform":[1,0,0,0,0,1,0,0,0,0,1,0,0,0,0,1],"contentsRect":{"y":0,"x":0,"width":1,"height":1},"opacity":1,"edgeAntialiasingMask":0,"height":768,"hidden":false,"anchorPoint":{"pointX":0.5,"pointY":0.5}},"texture":"F0BCBBB7C5076ADACA3966405C5C27C0"}]}]}}]}