{"assets":{"8B2135DB1351B4F40B8A8D7681DF6547":{"type":"texture","index":1,"assetRequest":{"type":"slide","state":"contents","slide":"none"},"url":{"native":"assets/BF084ABD-76C5-4903-9768-BDCFB89949C7.pdf"},"width":1024,"height":768},"4B1F08D36733573D302F11319DDF06BE":{"type":"texture","index":0,"assetRequest":{"type":"slide","state":"contents","slide":"none"},"url":{"native":"assets/BF084ABD-76C5-4903-9768-BDCFB89949C7.pdf"},"width":1024,"height":768}},"events":[{"effects":[{"beginTime":0,"baseLayer":{"animations":[],"initialState":{"affineTransform":[1,0,0,1,0,0],"masksToBounds":false,"rotation":0,"scale":1,"position":{"pointX":512,"pointY":384},"width":1024,"sublayerTransform":[1,0,0,0,0,1,0,0,0,0,1,0,0,0,0,1],"contentsRect":{"y":0,"x":0,"width":1,"height":1},"opacity":1,"edgeAntialiasingMask":251658240,"height":768,"hidden":false,"anchorPoint":{"pointX":0.5,"pointY":0.5}},"objectID":"0","layers":[{"animations":[],"initialState":{"affineTransform":[1,0,0,1,0,0],"masksToBounds":false,"rotation":0,"scale":1,"position":{"pointX":512,"pointY":384},"width":1024,"sublayerTransform":[1,0,0,0,0,1,0,0,0,0,1,-0.0004922987690640373,0,0,0,1],"contentsRect":{"y":0,"x":0,"width":1,"height":1},"opacity":1,"edgeAntialiasingMask":251658240,"height":768,"hidden":false,"anchorPoint":{"pointX":0.5,"pointY":0.5}},"layers":[{"animations":[],"layers":[],"texturedRectangle":{"isBackgroundTexture":false,"singleTextureOpacity":1,"textureType":0,"textBaseline":0,"textXHeight":0,"isVerticalText":false},"initialState":{"affineTransform":[1,0,0,1,0,0],"masksToBounds":false,"rotation":0,"scale":1,"position":{"pointX":512,"pointY":384},"width":1024,"sublayerTransform":[1,0,0,0,0,1,0,0,0,0,1,0,0,0,0,1],"contentsRect":{"y":0,"x":0,"width":1,"height":1},"opacity":1,"edgeAntialiasingMask":0,"height":768,"hidden":false,"anchorPoint":{"pointX":0.5,"pointY":0.5}},"texture":"8B2135DB1351B4F40B8A8D7681DF6547"},{"animations":[{"timeOffset":0,"from":{"scalar":false},"beginTime":0,"repeatCount":0,"fillMode":"both","property":"hidden","autoreverses":false,"duration":0.01,"to":{"scalar":true}}],"layers":[],"texturedRectangle":{"isBackgroundTexture":false,"singleTextureOpacity":1,"textureType":0,"textBaseline":0,"textXHeight":0,"isVerticalText":false},"initialState":{"affineTransform":[1,0,0,1,0,0],"masksToBounds":false,"rotation":0,"scale":1,"position":{"pointX":512,"pointY":384},"width":1024,"sublayerTransform":[1,0,0,0,0,1,0,0,0,0,1,0,0,0,0,1],"contentsRect":{"y":0,"x":0,"width":1,"height":1},"opacity":1,"edgeAntialiasingMask":0,"height":768,"hidden":false,"anchorPoint":{"pointX":0.5,"pointY":0.5}},"texture":"4B1F08D36733573D302F11319DDF06BE"}]}]},"effects":[],"duration":0.01,"type":"transition","name":"none","objectID":"0"}],"automaticPlay":false,"hyperlinks":[],"accessibility":[{"text":" ","targetRectangle":{"y":285.6164848804474,"x":216,"width":3,"height":14}},{"text":"￼","targetRectangle":{"y":732.5,"x":501.4919999837875,"width":20.01599999999996,"height":22}},{"text":"Analog ","targetRectangle":{"y":203.9999947547913,"x":192.6199203252793,"width":109.9951171875,"height":43.20000171661377}},{"text":"günstiger","targetRectangle":{"y":247.199996471405,"x":88.99999785423279,"width":126.69,"height":43.20000171661377}},{"text":"weniger Stromverbrauch","targetRectangle":{"y":290.3999981880188,"x":88.99999785423279,"width":329.52,"height":43.20000171661377}},{"text":"ungenau","targetRectangle":{"y":333.5999999046326,"x":88.99999785423279,"width":118.41,"height":43.20000171661377}},{"text":"langsame Korrekturzeiten","targetRectangle":{"y":376.8000016212463,"x":88.99999785423279,"width":342.9,"height":43.20000171661377}},{"text":"Digital ","targetRectangle":{"y":203.9997205734253,"x":718.6820675992966,"width":100.009921875,"height":43.20055103304185}},{"text":"genauer","targetRectangle":{"y":247.2002716064671,"x":618.6770279407501,"width":111.72,"height":43.20000171661377}},{"text":"schnellere Korrekturen","targetRectangle":{"y":290.4002733230809,"x":618.6770279407501,"width":301.8299999999999,"height":43.20000171661377}},{"text":"teurer","targetRectangle":{"y":333.6002750396947,"x":618.6770279407501,"width":77.82000000000005,"height":43.20000171661377}},{"text":"höherer Stromverbrauch","targetRectangle":{"y":376.8002767563084,"x":618.6770279407501,"width":325.6800000000001,"height":43.20000171661377}},{"text":"Servos","targetRectangle":{"y":20.425622433424,"x":389.7599847412109,"width":244.48,"height":96}},{"text":"Weitere Merkmale","targetRectangle":{"y":447.1813282966614,"x":398.0400490188598,"width":254.58984375,"height":43.20000171661377}},{"text":" - Getriebe: Kunststoff oder Metall","targetRectangle":{"y":490.3813300132751,"x":295.0199708938599,"width":451.29,"height":43.20000171661377}},{"text":" - Gleitlager, Kugellager (doppelt)","targetRectangle":{"y":533.5813317298889,"x":295.0199708938599,"width":448.98,"height":43.20000171661377}},{"text":" - Drehmoment","targetRectangle":{"y":576.7813334465027,"x":295.0199708938599,"width":199.5,"height":43.20000171661377}},{"text":" - Stellzeit","targetRectangle":{"y":619.9813351631165,"x":295.0199708938599,"width":130.02,"height":43.20000171661377}},{"text":" - Versorgungsspannung","targetRectangle":{"y":663.1813368797302,"x":295.0199708938599,"width":331.77,"height":43.20000171661377}}],"baseLayer":{"animations":[],"initialState":{"affineTransform":[1,0,0,1,0,0],"masksToBounds":false,"rotation":0,"scale":1,"position":{"pointX":512,"pointY":384},"width":1024,"sublayerTransform":[1,0,0,0,0,1,0,0,0,0,1,0,0,0,0,1],"contentsRect":{"y":0,"x":0,"width":1,"height":1},"opacity":1,"edgeAntialiasingMask":251658240,"height":768,"hidden":false,"anchorPoint":{"pointX":0.5,"pointY":0.5}},"objectID":"0","layers":[{"animations":[],"initialState":{"affineTransform":[1,0,0,1,0,0],"masksToBounds":false,"rotation":0,"scale":1,"position":{"pointX":512,"pointY":384},"width":1024,"sublayerTransform":[1,0,0,0,0,1,0,0,0,0,1,-0.0004922987690640373,0,0,0,1],"contentsRect":{"y":0,"x":0,"width":1,"height":1},"opacity":1,"edgeAntialiasingMask":251658240,"height":768,"hidden":false,"anchorPoint":{"pointX":0.5,"pointY":0.5}},"layers":[{"animations":[],"layers":[],"texturedRectangle":{"isBackgroundTexture":false,"singleTextureOpacity":1,"textureType":0,"textBaseline":0,"textXHeight":0,"isVerticalText":false},"initialState":{"affineTransform":[1,0,0,1,0,0],"masksToBounds":false,"rotation":0,"scale":1,"position":{"pointX":512,"pointY":384},"width":1024,"sublayerTransform":[1,0,0,0,0,1,0,0,0,0,1,0,0,0,0,1],"contentsRect":{"y":0,"x":0,"width":1,"height":1},"opacity":1,"edgeAntialiasingMask":0,"height":768,"hidden":false,"anchorPoint":{"pointX":0.5,"pointY":0.5}},"texture":"4B1F08D36733573D302F11319DDF06BE"}]}]}}]}