{"assets":{"DDA35CCDCA7D3E1F63E582FC136573C2":{"type":"texture","index":0,"assetRequest":{"type":"slide","state":"contents","slide":"none"},"url":{"native":"assets/8D4C522C-D89B-46C1-9117-AE63F89CA17C.pdf"},"width":1024,"height":768},"8DDF232979FB2C3786EF03D19EAC4BC8":{"type":"texture","index":1,"assetRequest":{"type":"slide","state":"contents","slide":"none"},"url":{"native":"assets/8D4C522C-D89B-46C1-9117-AE63F89CA17C.pdf"},"width":1024,"height":768}},"events":[{"effects":[{"beginTime":0,"baseLayer":{"animations":[],"initialState":{"affineTransform":[1,0,0,1,0,0],"masksToBounds":false,"rotation":0,"scale":1,"position":{"pointX":512,"pointY":384},"width":1024,"sublayerTransform":[1,0,0,0,0,1,0,0,0,0,1,0,0,0,0,1],"contentsRect":{"y":0,"x":0,"width":1,"height":1},"opacity":1,"edgeAntialiasingMask":251658240,"height":768,"hidden":false,"anchorPoint":{"pointX":0.5,"pointY":0.5}},"objectID":"0","layers":[{"animations":[],"initialState":{"affineTransform":[1,0,0,1,0,0],"masksToBounds":false,"rotation":0,"scale":1,"position":{"pointX":512,"pointY":384},"width":1024,"sublayerTransform":[1,0,0,0,0,1,0,0,0,0,1,-0.0004922987690640373,0,0,0,1],"contentsRect":{"y":0,"x":0,"width":1,"height":1},"opacity":1,"edgeAntialiasingMask":251658240,"height":768,"hidden":false,"anchorPoint":{"pointX":0.5,"pointY":0.5}},"layers":[{"animations":[],"layers":[],"texturedRectangle":{"isBackgroundTexture":false,"singleTextureOpacity":1,"textureType":0,"textBaseline":0,"textXHeight":0,"isVerticalText":false},"initialState":{"affineTransform":[1,0,0,1,0,0],"masksToBounds":false,"rotation":0,"scale":1,"position":{"pointX":512,"pointY":384},"width":1024,"sublayerTransform":[1,0,0,0,0,1,0,0,0,0,1,0,0,0,0,1],"contentsRect":{"y":0,"x":0,"width":1,"height":1},"opacity":1,"edgeAntialiasingMask":0,"height":768,"hidden":false,"anchorPoint":{"pointX":0.5,"pointY":0.5}},"texture":"8DDF232979FB2C3786EF03D19EAC4BC8"},{"animations":[{"timeOffset":0,"from":{"scalar":false},"beginTime":0,"repeatCount":0,"fillMode":"both","property":"hidden","autoreverses":false,"duration":0.01,"to":{"scalar":true}}],"layers":[],"texturedRectangle":{"isBackgroundTexture":false,"singleTextureOpacity":1,"textureType":0,"textBaseline":0,"textXHeight":0,"isVerticalText":false},"initialState":{"affineTransform":[1,0,0,1,0,0],"masksToBounds":false,"rotation":0,"scale":1,"position":{"pointX":512,"pointY":384},"width":1024,"sublayerTransform":[1,0,0,0,0,1,0,0,0,0,1,0,0,0,0,1],"contentsRect":{"y":0,"x":0,"width":1,"height":1},"opacity":1,"edgeAntialiasingMask":0,"height":768,"hidden":false,"anchorPoint":{"pointX":0.5,"pointY":0.5}},"texture":"DDA35CCDCA7D3E1F63E582FC136573C2"}]}]},"effects":[],"duration":0.01,"type":"transition","name":"none","objectID":"0"}],"automaticPlay":false,"hyperlinks":[],"accessibility":[{"text":"Schaltregler","targetRectangle":{"y":203.9999904632568,"x":708.6658822250366,"width":173.408203125,"height":43.20000171661377}},{"text":"effizienter","targetRectangle":{"y":290.3999938964844,"x":618.9999825954437,"width":129.51,"height":43.20000171661377}},{"text":"Vin </> Vout","targetRectangle":{"y":333.5999956130981,"x":618.9999825954437,"width":164.13,"height":43.20000171661377}},{"text":"klein/kein Kühlkörper","targetRectangle":{"y":376.7999973297119,"x":618.9999825954437,"width":280.08,"height":43.20000171661377}},{"text":"teuerer","targetRectangle":{"y":419.9999990463257,"x":618.9999825954437,"width":94.5,"height":43.20000171661377}},{"text":"rauschen","targetRectangle":{"y":463.2000007629395,"x":618.9999825954437,"width":125.0700000000001,"height":43.20000171661377}},{"text":"kompliziertes Design","targetRectangle":{"y":506.4000024795532,"x":618.9999825954437,"width":280.5599999999999,"height":43.20000171661377}},{"text":"(als Modul recht unkompliziert)","targetRectangle":{"y":549.600004196167,"x":583.9999837875366,"width":413.4000000000001,"height":43.20000171661377}},{"text":"Spannungsregler","targetRectangle":{"y":123.7936406135559,"x":373.2919969558716,"width":277.4159999999999,"height":43}},{"text":"￼","targetRectangle":{"y":732.5,"x":506.4959999024868,"width":10.00800000000004,"height":22}},{"text":"Größere Lasten","targetRectangle":{"y":677.6326298713684,"x":647.423234462738,"width":246.816,"height":43}},{"text":"Lineare Regler","targetRectangle":{"y":203.9999804496765,"x":166.5137023925781,"width":208.41796875,"height":43.20000171661377}},{"text":"günstiger","targetRectangle":{"y":290.3999838829041,"x":88.9999988079071,"width":126.69,"height":43.20000171661377}},{"text":"einfaches Design","targetRectangle":{"y":333.5999855995178,"x":88.9999988079071,"width":233.43,"height":43.20000171661377}},{"text":"bessere Spannungsqualität","targetRectangle":{"y":376.7999873161316,"x":88.9999988079071,"width":367.92,"height":43.20000171661377}},{"text":"ineffizient","targetRectangle":{"y":419.9999890327454,"x":88.9999988079071,"width":126.18,"height":43.20000171661377}},{"text":"Vin > Vout","targetRectangle":{"y":463.1999907493591,"x":88.9999988079071,"width":135.99,"height":43.20000171661377}},{"text":"groß / Kühlkörper","targetRectangle":{"y":506.3999924659729,"x":88.9999988079071,"width":231.1800000000001,"height":43.20000171661377}},{"text":"Spannungsregler","targetRectangle":{"y":20,"x":203.76,"width":616.48,"height":96}},{"text":"Kleinere Lasten","targetRectangle":{"y":677.6326298713684,"x":94.99432897567749,"width":249.48,"height":43}}],"baseLayer":{"animations":[],"initialState":{"affineTransform":[1,0,0,1,0,0],"masksToBounds":false,"rotation":0,"scale":1,"position":{"pointX":512,"pointY":384},"width":1024,"sublayerTransform":[1,0,0,0,0,1,0,0,0,0,1,0,0,0,0,1],"contentsRect":{"y":0,"x":0,"width":1,"height":1},"opacity":1,"edgeAntialiasingMask":251658240,"height":768,"hidden":false,"anchorPoint":{"pointX":0.5,"pointY":0.5}},"objectID":"0","layers":[{"animations":[],"initialState":{"affineTransform":[1,0,0,1,0,0],"masksToBounds":false,"rotation":0,"scale":1,"position":{"pointX":512,"pointY":384},"width":1024,"sublayerTransform":[1,0,0,0,0,1,0,0,0,0,1,-0.0004922987690640373,0,0,0,1],"contentsRect":{"y":0,"x":0,"width":1,"height":1},"opacity":1,"edgeAntialiasingMask":251658240,"height":768,"hidden":false,"anchorPoint":{"pointX":0.5,"pointY":0.5}},"layers":[{"animations":[],"layers":[],"texturedRectangle":{"isBackgroundTexture":false,"singleTextureOpacity":1,"textureType":0,"textBaseline":0,"textXHeight":0,"isVerticalText":false},"initialState":{"affineTransform":[1,0,0,1,0,0],"masksToBounds":false,"rotation":0,"scale":1,"position":{"pointX":512,"pointY":384},"width":1024,"sublayerTransform":[1,0,0,0,0,1,0,0,0,0,1,0,0,0,0,1],"contentsRect":{"y":0,"x":0,"width":1,"height":1},"opacity":1,"edgeAntialiasingMask":0,"height":768,"hidden":false,"anchorPoint":{"pointX":0.5,"pointY":0.5}},"texture":"DDA35CCDCA7D3E1F63E582FC136573C2"}]}]}}]}