{"assets":{"F0BCBBB7C5076ADACA3966405C5C27C0":{"type":"texture","index":1,"assetRequest":{"type":"slide","state":"contents","slide":"none"},"url":{"native":"assets/7A36DA8D-A855-4385-BB4F-336B416DC268.pdf"},"width":1024,"height":768},"034E0DBDB155670AE7D727A3391CFD7D":{"type":"texture","index":0,"assetRequest":{"type":"slide","state":"contents","slide":"none"},"url":{"native":"assets/7A36DA8D-A855-4385-BB4F-336B416DC268.pdf"},"width":1024,"height":768}},"events":[{"effects":[{"beginTime":0,"baseLayer":{"animations":[],"initialState":{"affineTransform":[1,0,0,1,0,0],"masksToBounds":false,"rotation":0,"scale":1,"position":{"pointX":512,"pointY":384},"width":1024,"sublayerTransform":[1,0,0,0,0,1,0,0,0,0,1,0,0,0,0,1],"contentsRect":{"y":0,"x":0,"width":1,"height":1},"opacity":1,"edgeAntialiasingMask":251658240,"height":768,"hidden":false,"anchorPoint":{"pointX":0.5,"pointY":0.5}},"objectID":"0","layers":[{"animations":[],"initialState":{"affineTransform":[1,0,0,1,0,0],"masksToBounds":false,"rotation":0,"scale":1,"position":{"pointX":512,"pointY":384},"width":1024,"sublayerTransform":[1,0,0,0,0,1,0,0,0,0,1,-0.0004922987690640373,0,0,0,1],"contentsRect":{"y":0,"x":0,"width":1,"height":1},"opacity":1,"edgeAntialiasingMask":251658240,"height":768,"hidden":false,"anchorPoint":{"pointX":0.5,"pointY":0.5}},"layers":[{"animations":[],"layers":[],"texturedRectangle":{"isBackgroundTexture":false,"singleTextureOpacity":1,"textureType":0,"textBaseline":0,"textXHeight":0,"isVerticalText":false},"initialState":{"affineTransform":[1,0,0,1,0,0],"masksToBounds":false,"rotation":0,"scale":1,"position":{"pointX":512,"pointY":384},"width":1024,"sublayerTransform":[1,0,0,0,0,1,0,0,0,0,1,0,0,0,0,1],"contentsRect":{"y":0,"x":0,"width":1,"height":1},"opacity":1,"edgeAntialiasingMask":0,"height":768,"hidden":false,"anchorPoint":{"pointX":0.5,"pointY":0.5}},"texture":"F0BCBBB7C5076ADACA3966405C5C27C0"},{"animations":[{"timeOffset":0,"from":{"scalar":false},"beginTime":0,"repeatCount":0,"fillMode":"both","property":"hidden","autoreverses":false,"duration":0.01,"to":{"scalar":true}}],"layers":[],"texturedRectangle":{"isBackgroundTexture":false,"singleTextureOpacity":1,"textureType":0,"textBaseline":0,"textXHeight":0,"isVerticalText":false},"initialState":{"affineTransform":[1,0,0,1,0,0],"masksToBounds":false,"rotation":0,"scale":1,"position":{"pointX":512,"pointY":384},"width":1024,"sublayerTransform":[1,0,0,0,0,1,0,0,0,0,1,0,0,0,0,1],"contentsRect":{"y":0,"x":0,"width":1,"height":1},"opacity":1,"edgeAntialiasingMask":0,"height":768,"hidden":false,"anchorPoint":{"pointX":0.5,"pointY":0.5}},"texture":"034E0DBDB155670AE7D727A3391CFD7D"}]}]},"effects":[],"duration":0.01,"type":"transition","name":"none","objectID":"0"}],"automaticPlay":false,"hyperlinks":[{"url":"http://rn-wissen.de/wiki/index.php/Servos","targetRectangle":{"y":455.5423285961151,"x":90.77498888969421,"width":163.95,"height":43.20000171661377}},{"url":"http://www.arduino-tutorial.de/servo/","targetRectangle":{"y":498.7423303127289,"x":90.77498888969421,"width":210.09,"height":43.20000171661377}}],"accessibility":[{"text":"Tutorials","targetRectangle":{"y":412.3423268795013,"x":55.77499008178711,"width":124.4677734375,"height":43.20000171661377}},{"text":"Roboternetz","targetRectangle":{"y":455.5423285961151,"x":90.77498888969421,"width":163.95,"height":43.20000171661377}},{"text":"Arduino-Tutorial","targetRectangle":{"y":498.7423303127289,"x":90.77498888969421,"width":210.09,"height":43.20000171661377}},{"text":" ","targetRectangle":{"y":285.6164848804474,"x":216,"width":3,"height":14}},{"text":"￼","targetRectangle":{"y":732.5,"x":501.4919999837875,"width":20.01599999999996,"height":22}},{"text":"Beispiele","targetRectangle":{"y":203.9999847412109,"x":55.77499008178711,"width":131.7333984375,"height":43.20000171661377}},{"text":"-   HS-311 von Hitec (Standard)","targetRectangle":{"y":247.1999864578247,"x":55.77499008178711,"width":421.23,"height":43.20000171661377}},{"text":"MG995 Tower Pro (Standard)","targetRectangle":{"y":290.3999881744385,"x":90.77498888969421,"width":389.0099999999999,"height":43.20000171661377}},{"text":"HS-53 von Hitec (Mini)","targetRectangle":{"y":333.5999898910522,"x":90.77498888969421,"width":301.7100000000001,"height":43.20000171661377}},{"text":"Hinweis: nicht alle Servos drehen beim gleichen Signal in die gleiche Richtung","targetRectangle":{"y":598.6846314668655,"x":55.77499008178711,"width":906.5144531249994,"height":43.20000171661377}},{"text":"Servos","targetRectangle":{"y":20.425622433424,"x":389.7599847412109,"width":244.48,"height":96}}],"baseLayer":{"animations":[],"initialState":{"affineTransform":[1,0,0,1,0,0],"masksToBounds":false,"rotation":0,"scale":1,"position":{"pointX":512,"pointY":384},"width":1024,"sublayerTransform":[1,0,0,0,0,1,0,0,0,0,1,0,0,0,0,1],"contentsRect":{"y":0,"x":0,"width":1,"height":1},"opacity":1,"edgeAntialiasingMask":251658240,"height":768,"hidden":false,"anchorPoint":{"pointX":0.5,"pointY":0.5}},"objectID":"0","layers":[{"animations":[],"initialState":{"affineTransform":[1,0,0,1,0,0],"masksToBounds":false,"rotation":0,"scale":1,"position":{"pointX":512,"pointY":384},"width":1024,"sublayerTransform":[1,0,0,0,0,1,0,0,0,0,1,-0.0004922987690640373,0,0,0,1],"contentsRect":{"y":0,"x":0,"width":1,"height":1},"opacity":1,"edgeAntialiasingMask":251658240,"height":768,"hidden":false,"anchorPoint":{"pointX":0.5,"pointY":0.5}},"layers":[{"animations":[],"layers":[],"texturedRectangle":{"isBackgroundTexture":false,"singleTextureOpacity":1,"textureType":0,"textBaseline":0,"textXHeight":0,"isVerticalText":false},"initialState":{"affineTransform":[1,0,0,1,0,0],"masksToBounds":false,"rotation":0,"scale":1,"position":{"pointX":512,"pointY":384},"width":1024,"sublayerTransform":[1,0,0,0,0,1,0,0,0,0,1,0,0,0,0,1],"contentsRect":{"y":0,"x":0,"width":1,"height":1},"opacity":1,"edgeAntialiasingMask":0,"height":768,"hidden":false,"anchorPoint":{"pointX":0.5,"pointY":0.5}},"texture":"034E0DBDB155670AE7D727A3391CFD7D"}]}]}}]}